bvid,page,title,author,tags,category,play_count,regex_content_type,regex_is_game,regex_is_cover,regex_rule,suspicious_reason
BV1Ns411Z7Ym,88,【GUMI+IA】　不毛！　【ぽてんしゃる0】,日進月步,"分P狂魔,NEKOBOLO,UP主辛苦,VOCALOID,作业用,作业用BGM,VOCALOID殿堂入り,下载22L,IA",VOCALOID·UTAU,6152,ia_music,False,False,music_weird_title,tags有IA/VOCALOID但标题格式非标准歌曲(clean='不毛！')，需LLM确认
BV1Ns411Z7Ym,136,【ルカ ミク グミ IA リン】 jewel 【梅とら】,日進月步,"分P狂魔,NEKOBOLO,UP主辛苦,VOCALOID,作业用,作业用BGM,VOCALOID殿堂入り,下载22L,IA",VOCALOID·UTAU,6152,ia_music,False,False,music_weird_title,tags有IA/VOCALOID但标题格式非标准歌曲(clean='jewel')，需LLM确认
BV1Ns411Z7Ym,247,【ルカ ミク グミ IA リン】虎視眈々【梅とら】,日進月步,"分P狂魔,NEKOBOLO,UP主辛苦,VOCALOID,作业用,作业用BGM,VOCALOID殿堂入り,下载22L,IA",VOCALOID·UTAU,6152,ia_music,False,False,music_weird_title,tags有IA/VOCALOID但标题格式非标准歌曲(clean='虎視眈々')，需LLM确认
BV1BR4y177zE,1,【CEVIOAI(IA】脳内disco【r-906】,rotbala,"VOCALOID,r-906,ノウナイディスコ,IA,CEVIO",VOCALOID·UTAU,521982,ia_music,False,False,music_weird_title,tags有IA/VOCALOID但标题格式非标准歌曲(clean='脳内disco')，需LLM确认
BV1ns411o7PQ,1,【ルカ ミク グミ IA リン】虎视眈眈,牛牛蝎羯,"GUMI,梅绅士,四字熟语系列,虎视眈眈,VOCALOID",VOCALOID·UTAU,423394,ia_music,False,False,music_weird_title,tags有IA/VOCALOID但标题格式非标准歌曲(clean='虎视眈眈')，需LLM确认
BV1ph4y1U73V,1,【语调教｜跨语种】一百块还是饺子,孙鸣阳-青岛超银,"VOCALOID,初音未来,冰山清辉,镜音铃,镜音连,IA,虚拟歌手,歌爱雪,vflower,术力口",VOCALOID·UTAU,279885,ia_related,False,False,nonsong_mixed:语调教,标题含'语调教'(非歌曲信号)但tags有音乐标签，需LLM确认
BV1uk4y1P74c,1,【V家/术曲】全球音乐人气排行榜TOP100-51,小小佐仓千代,"镜音,VOCALOID,初音未来,巡音,GUMI,洛天依,IA,V flower,术曲,虚拟歌手分享官,虚拟之声创作计划·2023第三期",VOCALOID·UTAU,260239,ia_related,False,False,nonsong_mixed:排行,标题含'排行'(非歌曲信号)但tags有音乐标签，需LLM确认
BV1Qs41127Pp,1,NicoNico超Party 2015~VOCALOID/UTAU~部分,VOCALOID,"VOCALOID,GUMI,神威がくぽ,初音ミク,巡音ルカ,NICONICO超PARTY,重音テト,鏡音リン・レン,ニコニコ超会议,IA",VOCALOID·UTAU,227183,ia_related,False,False,nonsong_mixed:超Party,标题含'超Party'(非歌曲信号)但tags有音乐标签，需LLM确认
BV1d44y1F74e,1,【语调教｜跨语种】歌   姬   超    甜   自   我   介   绍,孙鸣阳-青岛超银,"VOCALOID,初音未来,镜音铃,虚拟歌姬,镜音连,IA,歌爱雪,语调教,糖果超甜,术力口",VOCALOID·UTAU,210679,ia_related,False,False,nonsong_mixed:语调教,标题含'语调教'(非歌曲信号)但tags有音乐标签，需LLM确认
BV1zs411U77V,1,【Miku&amp;IA国人民族调原创曲】传颂之章【花之祭P】❀,花之祭P,"MIKU DARK,VOCALOID民族调曲,原创曲,咏吟轩,花之祭P,零届0RZ,美哭,初音MIKU,IA,杏花包儿",VOCALOID·UTAU,160559,ia_music,False,False,music_weird_title,tags有IA/VOCALOID但标题格式非标准歌曲(clean='传颂之章❀')，需LLM确认
BV1Ax411N7W7,1,【ルカミクグミIAリン】一騎当千【梅とら】【MV】,牛牛蝎羯,"GUMI,一骑当千,梅とら,IA,初音MIKU,镜音RIN,巡音LUKA,VOCALOID",VOCALOID·UTAU,151763,ia_music,False,False,music_weird_title,tags有IA/VOCALOID但标题格式非标准歌曲(clean='一騎当千')，需LLM确认
BV1Fx411T7wa,1, NicoNico超Party3~VOCALOID/UTAU~部分,VOCALOID,"VOCALOID,GUMI,神威がくぽ,镜音レン,镜音LEN,巡音LUKA,ニコニコ超会议,重音TETO,初音MIKU,镜音RIN,IA",VOCALOID·UTAU,150895,ia_related,False,False,nonsong_mixed:超Party,标题含'超Party'(非歌曲信号)但tags有音乐标签，需LLM确认
BV11v421i7HU,1,【V家原创动画】为什么要唱《春日影》？！复刻经典！【2024虚拟歌手贺岁纪单品】,久远丶酱,"VOCALOID,镜音铃,巡音流歌,IA,虚拟歌手,可不,小春六花,春日影,2024虚拟歌手贺岁纪,春日影翻唱",VOCALOID·UTAU,141461,ia_related,False,True,nonsong_mixed:贺岁,标题含'贺岁'(非歌曲信号)但tags有音乐标签，需LLM确认
BV1Vs411D71Z,1,【2015.4.5为止的】目前超过100万再生传说VOCALOID曲【217曲】,KitanoNani,"镜音レン,结月缘,VOCALOID,初音MIKU,IA,MEIKO,GUMI,KAITO,VY1,神威がくぽ,VY2,镜音RIN",VOCALOID·UTAU,129317,ia_related,False,False,nonsong_mixed:超过,标题含'超过'(非歌曲信号)但tags有音乐标签，需LLM确认
BV1LV411T7vQ,1,【VOCALOID 8人/语调教】八种声音说不爱我了是吧6,司机信号不好,"初音ミク,VOCALOID,初音未来,GUMI,巡音流歌,IA,歌爱雪,语调教,v_flower,2023虚拟歌手创作赛",VOCALOID·UTAU,109686,ia_related,False,False,nonsong_mixed:语调教,标题含'语调教'(非歌曲信号)但tags有音乐标签，需LLM确认
BV1PP41117tW,1,【V家小课堂】|没听过IA的阳炎曲，都不是合格的术术人！,X11潮玩集合,"V家,VOCALOID,虚拟偶像,虚拟歌姬,阳炎,IA,自然之敌P,阳炎project",VOCALOID·UTAU,107551,ia_related,False,False,nonsong_mixed:小课堂,标题含'小课堂'(非歌曲信号)但tags有音乐标签，需LLM确认
BV1Ls411U7HV,1,【ルカミクグミIAリン】四面楚歌【梅とら】,等待呢歌,"GUMI,IA,梅とら,四字熟语系列,四面楚歌,再编曲,LUKA,初音MIKU,镜音RIN,VOCALOID",VOCALOID·UTAU,107419,ia_music,False,False,music_weird_title,tags有IA/VOCALOID但标题格式非标准歌曲(clean='四面楚歌')，需LLM确认
BV1Ki4y1e7ZS,1,【ルカミクグミIAリン】CR詠ZY【梅とら】,妄想Delusions,"初音ミク,巡音ルカ,VOCALOID,鏡音リン,GUMI,梅とら,IA",VOCALOID·UTAU,105407,ia_music,False,False,music_weird_title,tags有IA/VOCALOID但标题格式非标准歌曲(clean='CR詠ZY')，需LLM确认
BV1Jb411w7Rq,1,NicoNico超Party 2018~VOCALOID/UTAU~部分,VOCALOID,"NicoNico超Party 2018,IA,初音ミク,GUMI,巡音ルカ,鏡音リン,MEIKO,镜音レン,VOCALOID,KAITO",VOCALOID·UTAU,102915,ia_related,False,False,nonsong_mixed:超Party,标题含'超Party'(非歌曲信号)但tags有音乐标签，需LLM确认
BV1fs411Z7Hv,1,【洛天依xIA】祈愿之歌【民族调原创曲PV付✿】,花之祭P,"VOCALOID,原创,VOCALOID民族调曲,洛天依,咏吟轩,花之祭P,花圈组,KREISEE,ナミカ,不要点,IA",VOCALOID·UTAU,95808,ia_music,False,False,music_weird_title,tags有IA/VOCALOID但标题格式非标准歌曲(clean='祈愿之歌')，需LLM确认
BV1Zs411Z7Hf,1,【巡音ルカ×初音ミク×GUMI×IA×鏡音リン】jewel【梅とら】,白羽沉,"GUMI,梅とら,IA,JEWEL,珠光宝气（大雾）,巡音LUKA,VOCALOID,镜音RIN,初音MIKU",VOCALOID·UTAU,94789,ia_music,False,False,music_weird_title,tags有IA/VOCALOID但标题格式非标准歌曲(clean='jewel')，需LLM确认
BV1Ji4y1M7c1,1,【1080p修复/60帧】 透明アンサー【Jin/自然之敌p】,哭泣的独奏,"VOCALOID,阳炎计划,目隐都市的演绎者,楯山文乃,如月伸太郎,画质修复,IA,じん(自然の敵P)",VOCALOID·UTAU,94427,ia_music,False,False,music_weird_title,tags有IA/VOCALOID但标题格式非标准歌曲(clean='透明アンサー')，需LLM确认
BV1Xs411Z7RA,1,【巡音ルカ、初音ミク、 GUMI、 IA 、鏡音リン】未来永劫【梅とら】,BILI君的音樂工房,"VOCALOID,GUMI,惊异的中毒性,梅とら,四字系列,IA,威风堂堂同作者,初音MIKU,镜音RIN,巡音LUKA",VOCALOID·UTAU,94299,ia_music,False,False,music_weird_title,tags有IA/VOCALOID但标题格式非标准歌曲(clean='未来永劫')，需LLM确认
BV1E1ULYMEhs,1,【术力口】但是只听几个音猜术曲！,A卡识TT,"VOCALOID,初音未来,镜音双子,IA,Gumi,重音teto,匹诺曹p,VFlower,猜术曲,术力口（ボカロ）",VOCALOID·UTAU,90361,ia_related,False,False,nonsong_mixed:猜术曲,标题含'猜术曲'(非歌曲信号)但tags有音乐标签，需LLM确认
BV1ai4y1e7gF,1,【ルカミクグミIAリン】CR詠ZY【梅とら】,阿赫official,"初音未来,GUMI,镜音铃,巡音流歌,梅とら,IA,世界计划 多彩舞台,CR詠ZY",VOCALOID·UTAU,80316,ia_music,True,False,music_weird_title,tags有IA/VOCALOID但标题格式非标准歌曲(clean='CR詠ZY')，需LLM确认
BV1KU4y1o7X5,1,【Ruka Miku Gumi IA Rin】Love Me If You Can [Remake]【梅とら】,精神安定剤,"梅とら,Love Me If You Can",VOCALOID·UTAU,76916,ia_music,False,False,category_vocaloid,无明确信号，仅靠分区'VOCALOID·UTAU'推断为ia_music
BV1bh4y1c77T,1,【P主人物志】你所不知道的kemu/堀江晶太（上）,剑鱼818,"GUMI,P主人物志,VOCALOID,IA,六兆年と一夜物語,堀江晶太,kemu,初音ミク",VOCALOID·UTAU,73124,ia_related,False,False,nonsong_mixed:人物志,标题含'人物志'(非歌曲信号)但tags有音乐标签，需LLM确认
BV1kS11B1EzY,1,盘点V家歌姬们的第一首周刊冠军曲,冰水L,"GUMI,镜音铃,V家,IA,虚拟歌姬,术力口,KAITO,初音未来,VOCALOID,镜音连",VOCALOID·UTAU,72965,ia_related,False,False,nonsong_mixed:盘点,标题含'盘点'(非歌曲信号)但tags有音乐标签，需LLM确认
BV1Zs411S7Bw,1,【Vocaloid+UTAU】让其响彻【13人合唱版】,七月酱w,"VOCALOID,波音RITSU,镜音LEN,结月ゆかり,夏语遥,ゆっくり,镜音レン,KAITO,GUMI,结月缘,镜音RIN,初音MIKU,IA,松田っぽいよ,重音TETO",VOCALOID·UTAU,62211,ia_music,False,True,music_weird_title,tags有IA/VOCALOID但标题格式非标准歌曲(clean='让其响彻')，需LLM确认
BV1Hb411k7xt,1,niconico超party2017,洛奇亚X,"弱音,ia,镜音双子,niconico,VOCALOIDCHINA,MIKU,耳朵怀孕,现场,巡音",VOCALOID·UTAU,61205,ia_related,False,False,nonsong_mixed:超Party,标题含'超Party'(非歌曲信号)但tags有音乐标签，需LLM确认
BV13s411B7Ye,1,【MIKU EXPO】 IA演唱会,账号已注销,"V家,IA,VOCALOID",VOCALOID·UTAU,60613,ia_related,False,False,nonsong_mixed:演唱会,标题含'演唱会'(非歌曲信号)但tags有音乐标签，需LLM确认
BV1hx411F7oA,1,【手描PV】「Ib」,FNGO,"泪腺崩坏,手描きPV,GARRY,IA,VOCALOID,AGAIN,IB恐怖美术馆,三人结局,调教好评,遗忘肖像,催泪注意,IB",VOCALOID·UTAU,59754,ia_related,False,False,nonsong_mixed:手描,标题含'手描'(非歌曲信号)但tags有音乐标签，需LLM确认
BV1y2CYBGEhJ,1,来和绁星灯一起跳新宝岛罢~,源Kelvin,"东北切蒲英,俊达萌,弦卷真纪,ONE,MMD,IA,绁星灯,琴叶姐妹,结月缘,四国玫碳",VOCALOID·UTAU,59534,ia_related,False,False,nonsong_mixed:新宝岛,标题含'新宝岛'(非歌曲信号)但tags有音乐标签，需LLM确认
BV1gs411t7Kq,1,【ルカミクグミIAリン】LaLaL危【梅とら】,等待呢歌,"初音ミク,グミ,鏡音リン,VOCALOID,梅とら,巡音ルカ,LaLaL危,IA,GUMI",VOCALOID·UTAU,58218,ia_music,False,False,music_weird_title,tags有IA/VOCALOID但标题格式非标准歌曲(clean='LaLaL危')，需LLM确认
BV1Cx411V7ay,1,【GUMI+IA】不毛！【PTL0★】【音画提升】,阿赫official,"VOCALOID,PTL0★,ぽてんしゃる0,不毛！,GUMI,VOCAROCK,IA",VOCALOID·UTAU,52902,ia_music,False,False,music_weird_title,tags有IA/VOCALOID但标题格式非标准歌曲(clean='不毛！')，需LLM确认
BV1EC4y167aS,1,【P主人物志】你所不知道的じん与阳炎Project（上）,剑鱼818,"じん,阳炎,阳炎眩乱,IA,P主人物志,初音ミク,VOCALOID,阳炎project,自然之敌P",VOCALOID·UTAU,51838,ia_related,False,False,nonsong_mixed:人物志,标题含'人物志'(非歌曲信号)但tags有音乐标签，需LLM确认
BV1YwYkeEEiR,1,术 力 口 猜 歌 （像素版）——第二期,捏捏怪電波Zzz,"IA,像素,亚北音留,2024虚拟歌手创作赛,术力口猜歌,Synthesizer V,重音teto,wowaka,初音ミク,虚拟歌手分享官,VOCALOID",VOCALOID·UTAU,49650,ia_related,False,False,nonsong_mixed:第二期,标题含'第二期'(非歌曲信号)但tags有音乐标签，需LLM确认
BV1dW411r7w3,1,【ルカミクグミIAリン】唯一、爱之诗【梅とら】,阿赫official,"鏡音リン,初音ミク,GUMI,IA,巡音ルカ,秋赤音,VOCALOID,梅とら,唯一、愛ノ詠",VOCALOID·UTAU,49130,ia_music,False,False,music_weird_title,tags有IA/VOCALOID但标题格式非标准歌曲(clean='唯一、爱之诗')，需LLM确认
BV1qYWDedEDd,1,术 力 口 猜 歌 （像素版）——第三期,捏捏怪電波Zzz,"术力口猜歌,IA,deco,重音teto,2024虚拟歌手创作赛,虚拟歌手分享官,术力口,初音ミク,匹诺曹,wowaka,VOCALOID",VOCALOID·UTAU,47813,ia_related,False,False,nonsong_mixed:第三期,标题含'第三期'(非歌曲信号)但tags有音乐标签，需LLM确认
BV1xoPqzCEHX,1,希腊奶！雅珂达卸甲后竟然长这样！,六兆年的夜空哨戒班,"IA,六兆年零一夜物语,OP,原批干的那些事,雅珂达,动画种草激励计划,原批,原神,截肢,可达鸭",VOCALOID·UTAU,42860,ia_music,False,False,music_only_ia,tags仅有'IA'但无VOCALOID/歌姬标签，IA可能是笔误或非虚拟歌姬(clean='希腊奶！雅珂达卸甲后竟然长这样！')，需LLM确认
BV1RmsSenE4Y,1,【术力口P主推荐—— samfree 篇】,爰翕,"VOCALOID,章鱼luka,samfree,lily,镜音铃,IA,音乐,初音未来,巡音流歌,gumi",VOCALOID·UTAU,41225,ia_related,False,False,nonsong_mixed:推荐,标题含'推荐'(非歌曲信号)但tags有音乐标签，需LLM确认
BV17s411k7eh,1,【庆祝IA上海初演】薬（PV付）,黒白君,"药不能停,可以，这很逼死,原创曲PV付,VOCALOID,逼死翻唱系列,药,标题不认识,IA",VOCALOID·UTAU,39744,ia_music,False,True,music_weird_title,tags有IA/VOCALOID但标题格式非标准歌曲(clean='薬（PV付）')，需LLM确认
BV1fW411w7DP,1,【VOCALOID&amp;UTAU 22人合唱】火花,糖心橘子i,"重音テト,ヒバナ,弱音ハク,氷山キヨテル,KAITO,巡音ルカ,IA,ギャラ子,歌手音ピコ,咲音メイコ",VOCALOID·UTAU,38957,ia_music,False,True,music_weird_title,tags有IA/VOCALOID但标题格式非标准歌曲(clean='火花')，需LLM确认
BV1Vt411L7Da,1,【B站限定】延命治疗 ～PARTY A GO-GO演唱会ver.～ ｜IA (song by Neru),IA小天使OFFICIAL,"IA小天使,伊爱,V家,IA,Neru,延命治療,イア,IA小天使OFFICIAL,延命治疗,Vocaloid",VOCALOID·UTAU,38506,ia_related,False,False,nonsong_mixed:演唱会,标题含'演唱会'(非歌曲信号)但tags有音乐标签，需LLM确认
BV15u4y1Q76M,1,【语调教｜初音未来831】祝你生日快乐,孙鸣阳-青岛超银,"gumi,虚拟歌手,镜音铃,初音未来,2023虚拟歌手创作赛,IA,术力口,歌爱雪,初音未来16周年,镜音连,vflower",VOCALOID·UTAU,38101,ia_related,False,False,nonsong_mixed:语调教,标题含'语调教'(非歌曲信号)但tags有音乐标签，需LLM确认
BV1Lx411w7h7,1,SIDE：IA,vilen,"LIA,IA,C81,VOCALOID",VOCALOID·UTAU,18109,ia_music,False,False,music_weird_title,tags有IA/VOCALOID但标题格式非标准歌曲(clean='SIDE：IA')，需LLM确认
BV1JRHSzLEuJ,1,「阳炎Project」发生了什么？Vocaloid最大多媒体企划的历史【AI中字】,苍旻白轮,"カゲロウデイズの日,阳炎project,VOCALOID,kagerouproject,IA,初音ミク",VOCALOID·UTAU,33805,ia_related,False,False,nonsong_mixed:发生了什么,标题含'发生了什么'(非歌曲信号)但tags有音乐标签，需LLM确认
BV1Nr4y1y7zN,1,【CeVIO AI IA】鳥の詩【中の人再現】,百合咲奈奈,"まいこ,IA,CeVIO AI,AIR,KEY",VOCALOID·UTAU,32430,ia_music,False,False,music_weird_title,tags有IA/VOCALOID但标题格式非标准歌曲(clean='鳥の詩')，需LLM确认
BV1JLvxepEkY,1,【术力口P主推荐—— r-906 篇】,爰翕,"VOCALOID,可不,POPY,初音未来,r-906,ROSE,IA",VOCALOID·UTAU,32322,ia_related,False,False,nonsong_mixed:推荐,标题含'推荐'(非歌曲信号)但tags有音乐标签，需LLM确认
BV1UY41187CF,1,VOCALOID+α与中之人的歌声比较【全13人】,bili_51865469452,"镜音rin,VOCALOID,GUMI,重音teto,IA,巡音luka,可不,UTAU,镜音len,初音MIKU",VOCALOID·UTAU,31628,ia_related,False,False,nonsong_mixed:比较,标题含'比较'(非歌曲信号)但tags有音乐标签，需LLM确认
BV14s411m7CX,1,【ルカミクグミIAリン】BURNING【梅とら】,等待呢歌,"BURNING,梅とら,巡音ルカ,梅绅士,评论区高能,GUMI,镜音リン,UMEDY,IA,看歌姬识P主系列,初音ミク",VOCALOID·UTAU,30903,ia_music,False,False,music_weird_title,tags有IA/VOCALOID但标题格式非标准歌曲(clean='BURNING')，需LLM确认
BV15x411r7jj,1,【速览·科普】五分钟带你盘点已出道的世界V家全体歌手（2004~2016）,家藏万卷book,"洛天依,VOCALOID,世界V家,镜音,初音,kaito,GUMI,IA,巡音LUKA,MEIKO",VOCALOID·UTAU,30255,ia_related,False,False,nonsong_mixed:科普,标题含'科普'(非歌曲信号)但tags有音乐标签，需LLM确认
BV1fKewejE99,1,【术力口P主推荐——  梅とら 篇】,爰翕,"IA,VOCALOID,GUMI,巡音流歌,梅とら,初音ミク,镜音铃",VOCALOID·UTAU,29939,ia_related,False,False,nonsong_mixed:推荐,标题含'推荐'(非歌曲信号)但tags有音乐标签，需LLM确认
BV18b41147LC,1,【 IA &amp; Fukase 】メルクリウス【 傘村トータ 】,傘村トータ,"FUKASE,傘村トータ,IA",VOCALOID·UTAU,29598,ia_music,False,False,music_weird_title,tags有IA/VOCALOID但标题格式非标准歌曲(clean='メルクリウス')，需LLM确认
BV1xx411F7qA,1,【VY1･鏡音リンレン･初音･GUMI･IA･巡音】Harvest【しえろP･おればななP･ギガP･ちくP･ニクロムP】,BILI君的音樂工房,"VY1,VOCALOID,镜音双子,ニクロムP,神调教,VOCALOID民族调曲,HARVEST,狂ZIP,ギガP,ギガ",VOCALOID·UTAU,29256,ia_music,False,False,music_weird_title,tags有IA/VOCALOID但标题格式非标准歌曲(clean='Harvest')，需LLM确认
BV1QmYYeRE9j,1,【术力口P主推荐—— OrangeStar（蜜柑星） 篇】,爰翕,"初音ミク,VOCALOID,IA,orangestar,初音未来",VOCALOID·UTAU,28831,ia_related,False,False,nonsong_mixed:推荐,标题含'推荐'(非歌曲信号)但tags有音乐标签，需LLM确认
BV12J41137vH,1,【 VOCALOIDs 】抜心【 傘村トータ 】,傘村トータ,"IA,初音MIKU,Fukase,がくっぽいど,自制",VOCALOID·UTAU,27610,ia_music,False,False,music_weird_title,tags有IA/VOCALOID但标题格式非标准歌曲(clean='抜心')，需LLM确认
BV1As411179n,1,【乐正绫翻唱】染殇【溱绫/洋芋/司令】【pv付】,溱绫西陌,"溱绫西陌,洋芋,阿碇司令,VOCALOID中文曲,IA,VOCALOID,乐正绫,古风",VOCALOID·UTAU,26799,ia_music,False,True,music_weird_title,tags有IA/VOCALOID但标题格式非标准歌曲(clean='染殇')，需LLM确认
BV1FJ411j7yB,1,[ONE+IA(V)]CITRUS[sm25950409],KitanoNani,"可不,CeVIO,百万传说,IA,星界,ONE,KAFU",VOCALOID·UTAU,999,ia_music,False,False,music_weird_title,tags有IA/VOCALOID但标题格式非标准歌曲(clean='CITRUS')，需LLM确认
BV1Yx411T7Zr,1,【洛天依×言和×IA】,fgtgta,"IA小天使,中文版,洛天依,中文曲,鸟之诗,洛神,VOCALOID中文曲,言和",VOCALOID·UTAU,12169,ia_music,False,True,music_weird_title,tags有IA/VOCALOID但标题格式非标准歌曲(clean='')，需LLM确认
BV1Yx411T7Zr,2,【洛天依×IA】,fgtgta,"IA小天使,中文版,洛天依,中文曲,鸟之诗,洛神,VOCALOID中文曲,言和",VOCALOID·UTAU,12169,ia_music,False,True,music_weird_title,tags有IA/VOCALOID但标题格式非标准歌曲(clean='')，需LLM确认
BV1DEepeZE7o,1,【P主人物志】在每一个8月15日的午后，他在阳炎散去的天空下眺望繁星【じん与阳炎Project（下）】,剑鱼818,"阳炎Project,目隐都市的演绎者,阳炎眩乱,じん,目隐重载,IA,初音未来,阳炎计划,阳炎",VOCALOID·UTAU,24143,ia_related,False,False,nonsong_mixed:人物志,标题含'人物志'(非歌曲信号)但tags有音乐标签，需LLM确认
BV1E8vaeKEj7,1,【术力口P主推荐—— *Luna 篇】,爰翕,"Luna,IA,flower,Rana,vocaloid,音街鳗,猫村いろは,初音未来",VOCALOID·UTAU,23899,ia_related,False,False,nonsong_mixed:推荐,标题含'推荐'(非歌曲信号)但tags有音乐标签，需LLM确认
BV1Jv4y187Bs,1,【V家手书】《孤独摇滚》ED「Distortion!!」,奶油味儿的蘑菇w,"ED,初音ミク,动画,孤独摇滚,手书,GUMI,鏡音リン,初音未来39感谢日,VOCALOID,虚拟之声创作计划·2023第一期,IA",VOCALOID·UTAU,23743,ia_related,False,False,nonsong_mixed:手书,标题含'手书'(非歌曲信号)但tags有音乐标签，需LLM确认
BV1CseteFEAt,1,【术力口P主推荐—— じん（自然の敵P） 篇】,爰翕,"IA,VOCALOID,2024虚拟歌手创作赛,自然の敵P,阳炎project,自然之敌,じん,虚拟歌手分享官,初音ミク",VOCALOID·UTAU,23537,ia_related,False,False,nonsong_mixed:推荐,标题含'推荐'(非歌曲信号)但tags有音乐标签，需LLM确认
BV1DW411w7gJ,1,【ニコカラ】眠り姫【on vocal】,neneneneneneneko,"VOCALOID,ニコカラ,Guiano,ボカロカラオケDB,ニコニコカラオケDB,IA,眠り姫(Guiano),みふる,眠り姫",VOCALOID·UTAU,23157,ia_music,False,False,music_weird_title,tags有IA/VOCALOID但标题格式非标准歌曲(clean='眠り姫')，需LLM确认
BV1hx411z7S1,1,【世界VOCALOID】VOCALOID全明星人设、声音汇总盘点（2004-2017年4月）,家藏万卷book,"镜音,GUMI,MEIKO,乐正龙牙,乐正绫,VOCALOID,言和,初音,KAITO,星尘,IA,VY1",VOCALOID·UTAU,22734,ia_related,False,False,nonsong_mixed:盘点,标题含'盘点'(非歌曲信号)但tags有音乐标签，需LLM确认
BV1WR5Q6tExY,1,IA~IA~你的脖子为什么那么长,孽虚烟呀,"直播切片,IA",单机游戏,62,ia_music,False,False,music_only_ia,tags仅有'IA'但无VOCALOID/歌姬标签，IA可能是笔误或非虚拟歌姬(clean='IA~IA~你的脖子为什么那么长')，需LLM确认
BV1hX556PEHv,1,大孝女IA,孽虚烟呀,"IA,ONE,OИE",单机游戏,199,ia_music,False,False,music_weird_title,tags有IA/VOCALOID但标题格式非标准歌曲(clean='大孝女IA')，需LLM确认
BV1iC556gEsV,1,怪盗俊达萌袭击电视台！,孽虚烟呀,"IA,俊达萌,直播切片",单机游戏,116,ia_music,False,False,music_only_ia,tags仅有'IA'但无VOCALOID/歌姬标签，IA可能是笔误或非虚拟歌姬(clean='怪盗俊达萌袭击电视台！')，需LLM确认
BV19w5G68Eif,1,Brasil-M4IA,华纳音乐国际,"M4IA,Brasil,MV",MV,247,ia_related,False,False,fallback,无任何明确信号，默认归为ia_related
BV19R5T6UE5d,1,IA依旧用外星科技欺负人~~,孽虚烟呀,"IA,直播切片,弦卷真纪",单机游戏,117,ia_music,False,False,music_only_ia,tags仅有'IA'但无VOCALOID/歌姬标签，IA可能是笔误或非虚拟歌姬(clean='IA依旧用外星科技欺负人~~')，需LLM确认
BV1Mm5M65EYC,1,神秘初中生唱橙星【黎明前线】,-Asame-,"DAYBREAK FRONTLINE（黎明前线）,Orangestar,IA,清唱,翻唱",翻唱,885,ia_music,False,True,music_only_ia,tags仅有'IA'但无VOCALOID/歌姬标签，IA可能是笔误或非虚拟歌姬(clean='神秘初中生唱橙星')，需LLM确认
BV1no5P6DEoU,1,2iA7yBp,花屋しょう喵,绝区零UP主激励计划,音MAD,1724,ia_related,False,False,fallback,无任何明确信号，默认归为ia_related
BV1Gb5s6hEab,1,IA获得“同时吃下世界杯”冠军——MII新闻,孽虚烟呀,"直播切片,IA",单机游戏,145,ia_related,False,False,nonsong_mixed:新闻,标题含'新闻'(非歌曲信号)但tags有音乐标签，需LLM确认
BV1zw5E6RELS,1,拜空奏列车的来了,孽虚烟呀,"空奏列车,IA,中国兔子,四国玫碳,直播切片,东北伊达子",单机游戏,81,ia_related,False,False,nonsong_mixed:来了,标题含'来了'(非歌曲信号)但tags有音乐标签，需LLM确认
BV1D4RZBHEfz,1,鳗，What can I say,孽虚烟呀,"直播切片,东北切蒲英,音街鳗,IA",单机游戏,139,ia_music,False,False,music_only_ia,tags仅有'IA'但无VOCALOID/歌姬标签，IA可能是笔误或非虚拟歌姬(clean='鳗，What can I say')，需LLM确认
BV1hkRRByEUs,1,『既然许下了愿望 那就去实现它啊』高考纪念手元【アスノヨゾラ哨戒班 ULT14.0 SSS+】,-羅破_PScologie-,"orangestar,CHUNITHM,アスノヨゾラ哨戒班,中二节奏,IA,手元,音乐游戏",音游,979,ia_music,True,False,music_only_ia,tags仅有'IA'但无VOCALOID/歌姬标签，IA可能是笔误或非虚拟歌姬(clean='『既然许下了愿望 那就去实现它啊』高考纪念手元')，需LLM确认
BV1bbRdBVE2U,1,【马库斯·维尔汀·十四行诗·苏芙比·虚构集】限りなく灰色へ,古灯禅,"さとうささら,IA,宮舞モカ,重返未来1999创作者激励计划,维尔汀,苏芙比,虚构集,十四行诗,马库斯,初音ミク",MMD·3D,1213,ia_music,False,False,music_weird_title,tags有IA/VOCALOID但标题格式非标准歌曲(clean='限りなく灰色へ')，需LLM确认
BV1YURSBNEV6,1,情商很低的四国玫碳,孽虚烟呀,"IA,四国玫碳,直播切片",单机游戏,95,ia_music,False,False,music_only_ia,tags仅有'IA'但无VOCALOID/歌姬标签，IA可能是笔误或非虚拟歌姬(clean='情商很低的四国玫碳')，需LLM确认
BV1C4RmBrEHy,1,唱一唱柏拉图式爱情,菍双,"翻唱总动员,プラトニック・ラヴ,柏拉图式爱情,日语翻唱,IA",翻唱,428,ia_music,False,True,music_only_ia,tags仅有'IA'但无VOCALOID/歌姬标签，IA可能是笔误或非虚拟歌姬(clean='唱一唱柏拉图式爱情')，需LLM确认
BV1vCRSBBEDA,1,【深空之眼】当正宫穿着婚纱来KTV包厢找你😨 Conqueror—薇儿丹蒂,哆啦熊宝,"IA,深空之眼MMD,深空之眼,薇儿丹蒂,MMD,薇儿,conqueror",MMD·3D,1023,ia_music,False,False,music_only_ia,tags仅有'IA'但无VOCALOID/歌姬标签，IA可能是笔误或非虚拟歌姬(clean='当正宫穿着婚纱来KTV包厢找你😨 Conqueror—薇儿丹')，需LLM确认
BV1fhdMBbEtT,1,“来了云南才知道的地方”！,拉拉在线听看,"音乐分享官,创作灵感,生活记录,IA,云南,旅游,大理,丽江,记录,原创",音乐综合,175,ia_related,False,False,nonsong_mixed:来了,标题含'来了'(非歌曲信号)但tags有音乐标签，需LLM确认
BV1EdduBwECU,1,【ONE/IA歌曲推荐】CITRUS,九点半小时后,"IA,虚拟歌姬,ONE,歌曲,citrus,Orangestar,歌曲推荐",音乐综合,203,ia_related,False,False,nonsong_mixed:推荐,标题含'推荐'(非歌曲信号)但tags有音乐标签，需LLM确认
BV1W5dPBREET,1,HIPPI - 黄金海岸【绘画过程】,松江CC,"虚拟歌手,虚拟歌姬,绘画过程,板绘,HIPPI,IA小天使OFFICIAL",绘画,352,ia_related,False,False,nonsong_mixed:绘画,标题含'绘画'(非歌曲信号)但tags有音乐标签，需LLM确认
BV1QvdwBaEPq,1,坐上王座的IA居然……,孽虚烟呀,"IA,直播切片",单机游戏,88,ia_music,False,False,music_only_ia,tags仅有'IA'但无VOCALOID/歌姬标签，IA可能是笔误或非虚拟歌姬(clean='坐上王座的IA居然……')，需LLM确认
BV1yzRWBLECo,1,神秘的外星人剑术,孽虚烟呀,"IA,朋友收集,直播切片,东北伊达子",单机游戏,94,ia_music,False,False,music_only_ia,tags仅有'IA'但无VOCALOID/歌姬标签，IA可能是笔误或非虚拟歌姬(clean='神秘的外星人剑术')，需LLM确认
BV1EbRpBPEyN,1,IA的神秘走秀,孽虚烟呀,"朋友收集,直播切片,IA",单机游戏,569,ia_music,False,False,music_only_ia,tags仅有'IA'但无VOCALOID/歌姬标签，IA可能是笔误或非虚拟歌姬(clean='IA的神秘走秀')，需LLM确认
BV1QoRkB1Eyy,1,对缘弹琴,孽虚烟呀,"直播切片,结月缘,IA",单机游戏,84,ia_music,False,False,music_weird_title,tags有IA/VOCALOID但标题格式非标准歌曲(clean='对缘弹琴')，需LLM确认
BV1zyRkBRELv,1,夫妻相这一块,孽虚烟呀,"朋友收集,直播切片,结月缘,IA",单机游戏,215,ia_music,False,False,music_weird_title,tags有IA/VOCALOID但标题格式非标准歌曲(clean='夫妻相这一块')，需LLM确认
BV1vERvBbEjs,1,古筝弹了超次元愛歌【Orangestar/IA】,溁_,"IA,翻奏,古筝,超次元愛歌,Orangestar,橙星,蜜柑星",演奏,697,ia_music,False,False,music_only_ia,tags仅有'IA'但无VOCALOID/歌姬标签，IA可能是笔误或非虚拟歌姬(clean='古筝弹了超次元愛歌')，需LLM确认
BV19PRPBBEdz,1,[maimai|Fanmade] POLꓘAMAИIA AP,山支Mayotta,"POLꓘAMAИIA,自制谱,MAIMAI,かめりあ,ななひら,音乐游戏,AP",音游,530,ia_related,True,False,fallback,无任何明确信号，默认归为ia_related
BV1BnRNB1E5u,1,【可露凯】残響ディスタンス,文昌鸡desu,"动画种草激励计划,可露凯,少女前线,手游,IA,可爱,416,二次元,MMD,动画",MMD·3D,885,ia_music,False,False,music_only_ia,tags仅有'IA'但无VOCALOID/歌姬标签，IA可能是笔误或非虚拟歌姬(clean='残響ディスタンス')，需LLM确认
BV1RG9fBoE89,1,Invent Animate——Cloud Cascade breakdown,pseudossiah,"IA,swancore,breakdown,后核,COVER,翻弹,吉他,电吉他",演奏,603,ia_music,False,True,music_only_ia,tags仅有'IA'但无VOCALOID/歌姬标签，IA可能是笔误或非虚拟歌姬(clean='Invent Animate——Cloud Cascade ')，需LLM确认
BV1489fBLEd5,1,术人狂喜！给新术人打破术圈固有观念！这些老歌听过没？,LUCKYDAY--__,"IA,镜音铃,镜音双子,初音未来,VOCALOID,クエン酸,Hitorie,sasakure.U.K,Mayu,Nem",日常,7353,ia_music,False,False,music_weird_title,tags有IA/VOCALOID但标题格式非标准歌曲(clean='术人狂喜！给新术人打破术圈固有观念！这些老歌听过没？')，需LLM确认
BV12Q9ZB3EnJ,1,真夏と少年の天ノ川戦争-Orangestar/IA，热心市民C先生演奏,时光与快乐并存,"COVER,翻弹,Orangestar/IA,吉他,真夏と少年の天ノ川戦争,电吉他教学,电吉他",演奏,1898,ia_related,False,True,fallback,无任何明确信号，默认归为ia_related
BV1E7RjB7Eju,1,IA不像演的,孽虚烟呀,"直播切片,OИE,IA,天然,ONE",单机游戏,739,ia_music,False,False,music_weird_title,tags有IA/VOCALOID但标题格式非标准歌曲(clean='IA不像演的')，需LLM确认
BV1HXRjBWEaJ,1,追随逃跑的公交站的三人——MII新闻,孽虚烟呀,"IA,直播切片,琴叶葵,琴叶茜",单机游戏,223,ia_related,False,False,nonsong_mixed:新闻,标题含'新闻'(非歌曲信号)但tags有音乐标签，需LLM确认
BV1UaRGBHEpp,1,珍奇生物小OИE模拟兽发现！——MII新闻,孽虚烟呀,"朋友收集,IA,ONE,可爱,OИE,琴叶茜,沙雕",单机游戏,2139,ia_related,False,False,nonsong_mixed:新闻,标题含'新闻'(非歌曲信号)但tags有音乐标签，需LLM确认
BV1v8RTB7E3i,1,【拆解学唱】赏月独奏会,这世间所有的深白,"音乐分享官,賞月Recital,阳炎project,赏月组,赏月独奏会,オツキミリサイタル,自然之敌P,目隐都市的演绎者,IA",翻唱,450,ia_music,False,False,music_only_ia,tags仅有'IA'但无VOCALOID/歌姬标签，IA可能是笔误或非虚拟歌姬(clean='赏月独奏会')，需LLM确认
BV1TsRMB6Eaz,1,要和小熊一起去兜风吗&gt;ω&lt;《Conqueror》,珂赛特Cosette,"Milfy,VRChat,Conqueror,Cyber,IA,3D,MMD",翻唱,1333,ia_music,False,False,music_only_ia,tags仅有'IA'但无VOCALOID/歌姬标签，IA可能是笔误或非虚拟歌姬(clean='要和小熊一起去兜风吗&gt;ω&lt;《Conqueror》')，需LLM确认
BV1dCRKBUEf1,1,IA大作,入类冰火awa,"IA,我的世界",单机游戏,115,ia_music,False,False,music_only_ia,tags仅有'IA'但无VOCALOID/歌姬标签，IA可能是笔误或非虚拟歌姬(clean='IA大作')，需LLM确认
BV1TW9eBVEkm,1,【死神袭来】光学迷彩皮肤演奏瞬息全宇宙《Godless times》,耶朋咒召唤术,"Rings of Saturn,土星环,光与影,8弦,六兆年,IA,死神,演奏,电吉他,COSPLAY",演奏,486,ia_music,False,True,music_only_ia,tags仅有'IA'但无VOCALOID/歌姬标签，IA可能是笔误或非虚拟歌姬(clean='光学迷彩皮肤演奏瞬息全宇宙《Godless times》')，需LLM确认
BV1Ei9aB4EBQ,1,【绘画过程】【ia】“泣かないで、まだ行かないで。”🏖🕊,Yoshino香草折耳根,"画师热点情报站,明日方舟,绘画过程,同人,术力口,绘画,可爱,VOCALOID,ia,orangestar",绘画,995,ia_related,False,False,nonsong_mixed:绘画,标题含'绘画'(非歌曲信号)但tags有音乐标签，需LLM确认
BV1B79hBSEDG,1,这就是镜流姐姐还没有深陷魔阴身时候吗，当初可就是为了镜流姐姐入坑的崩铁啊来欣赏两段镜流姐姐的舞剑,灬安心丶,"崩坏：星穹铁道创作者激励计划,镜流,ia,舞剑",日常,418,ia_music,False,False,music_only_ia,tags仅有'IA'但无VOCALOID/歌姬标签，IA可能是笔误或非虚拟歌姬(clean='这就是镜流姐姐还没有深陷魔阴身时候吗，当初可就是为了镜流姐姐')，需LLM确认
BV18h9bBAEtT,1,一个乌龟酱06.4.29直播合集,igui露出鸡脚,"IA歌曲,全能音乐挑战赛,吉他弹唱,开口跪,翻唱,一个乌龟酱,simon,rap,流着泪说分手,直播录像",日常,682,irrelevant,False,True,category_gaming,无明确信号，仅靠分区'日常'推断
BV1tg9UBEEY8,1,【锁屏可打/EXPERT】Henceforth,セカイヘ,"锁屏可打,录屏,IA,Henceforth,Project SEKAI,Orangestar,EX",音游,389,ia_music,True,False,music_only_ia,tags仅有'IA'但无VOCALOID/歌姬标签，IA可能是笔误或非虚拟歌姬(clean='Henceforth')，需LLM确认
BV1Tj9rBwECw,1,家里蹲小缘的忧愁【VOICEROID剧场】*もりもり,猫猫抱玩偶,"もりもり,voiceroid,结月缘,IA",配音,983,ia_related,False,False,nonsong_mixed:剧场,标题含'剧场'(非歌曲信号)但tags有音乐标签，需LLM确认
BV1zQ9BB6Ejh,1,IA,幽烛灯,"画画画画画,指绘,摸鱼,IA,绘画过程,同人,绘画,原创",绘画,142,ia_music,False,False,music_only_ia,tags仅有'IA'但无VOCALOID/歌姬标签，IA可能是笔误或非虚拟歌姬(clean='IA')，需LLM确认
BV11Ro2BnELg,1,荷兰死核distant乐队cover技术死IA段落:Decapitation fornication,SmirkSK,"死核,IA,COVER,翻弹,荷兰,技术",音乐教学,342,ia_music,False,True,music_only_ia,tags仅有'IA'但无VOCALOID/歌姬标签，IA可能是笔误或非虚拟歌姬(clean='荷兰死核distant乐队cover技术死IA段落:Deca')，需LLM确认
BV1M2okB3Euf,1,【吉他谱】八十八鍵の宇宙 - Orangestar_Acoustic cover（TAB）,INI蜜柑,"吉他谱,吉他弹唱,剪辑,ia,orangestar,蜜柑星,记录",演奏,504,ia_music,False,True,music_only_ia,tags仅有'IA'但无VOCALOID/歌姬标签，IA可能是笔误或非虚拟歌姬(clean='八十八鍵の宇宙 - Orangestar_Acoustic ')，需LLM确认
BV1wQo6BFECi,1,【WOTA艺】未完成タイムリミッター,一把小刀w,"Orangestar,IA,闲打,未完成タイムリミッター,WOTA艺,WOTA,宅舞,练习",宅舞,365,ia_related,False,False,nonsong_mixed:WOTA艺,标题含'WOTA艺'(非歌曲信号)但tags有音乐标签，需LLM确认
BV12ZoqBtEGD,1,我不是IA,黛苓,"IA,抽象",日常,178,ia_music,False,False,music_only_ia,tags仅有'IA'但无VOCALOID/歌姬标签，IA可能是笔误或非虚拟歌姬(clean='我不是IA')，需LLM确认
BV1nsovBGE1D,1,[卡拉OK字幕] 空想フォレスト,階堂蜜花,"自然の敵P,空想フォレスト,目隐都市的演绎者,IA,じん,VOCALOID,卡拉OK",MV,209,ia_music,False,False,music_weird_title,tags有IA/VOCALOID但标题格式非标准歌曲(clean='空想フォレスト')，需LLM确认
BV1Q2oZBxEyW,1,四月是5k的谎言,目撃-ミク31世_,"图寻,冯柯南,geo,生活记录,IA,音乐",原创音乐,397,ia_music,False,False,music_only_ia,tags仅有'IA'但无VOCALOID/歌姬标签，IA可能是笔误或非虚拟歌姬(clean='四月是5k的谎言')，需LLM确认
BV146oSBtEHM,1,IA、温暖魔法——【绘画过程】,松江CC,"IA小天使OFFICIAL,IA,画师热点情报站,术力口,虚拟歌姬,绘画过程,板绘,VOCALOID",绘画,127,ia_related,False,False,nonsong_mixed:绘画,标题含'绘画'(非歌曲信号)但tags有音乐标签，需LLM确认
BV1MnoDBwEFf,1,【高松灯cos】雨声残响-世界企鹅日快乐-“因为我也不过是人啊 我也想要去与之抗衡”,硫酸拌面捏,"IA,雨声,用宅舞记录这个春天,宅舞,高松灯,Cosplay,cos,雨声残响,舞蹈翻跳",宅舞,443,ia_related,False,False,nonsong_mixed:COS,标题含'COS'(非歌曲信号)但tags有音乐标签，需LLM确认
BV1HDoLBXEN3,1,日常观测『陆桥』【熟肉】【VOICEROID剧场】,VOICEROID吧,"绁星灯,VOICEROID剧场,OИE,结月缘,IA,熟肉,日语",同人·手书,1058,ia_related,False,False,nonsong_mixed:剧场,标题含'剧场'(非歌曲信号)但tags有音乐标签，需LLM确认
BV1GDoDB6EFV,1,N站术力口神话曲抢麦,梧麒麒,"术力口,vflower,神话曲,IA,巡音流歌,镜音铃,GUMI,日本,初音未来,音乐",音游,1249,ia_related,False,False,nonsong_mixed:神话曲,标题含'神话曲'(非歌曲信号)但tags有音乐标签，需LLM确认
BV1nUomB5E32,1,神秘红雾斯巴达最后被超飞,RBX_老波菜,IA,日常,207,ia_music,False,False,music_only_ia,tags仅有'IA'但无VOCALOID/歌姬标签，IA可能是笔误或非虚拟歌姬(clean='神秘红雾斯巴达最后被超飞')，需LLM确认
BV1JXoLBHEoa,1,【太鼓之达人】アスノヨゾラ哨戒班 hs1.4 大随机 7可全连,Ni-SHU,"术曲,アスノヨゾラ哨戒班,IA,音乐游戏,太鼓达人,音游研究所",音游,205,ia_music,True,False,music_only_ia,tags仅有'IA'但无VOCALOID/歌姬标签，IA可能是笔误或非虚拟歌姬(clean='アスノヨゾラ哨戒班 hs1.4 大随机 7可全连')，需LLM确认
BV1hdo8B1Epd,1,不同IA的估价,林笑嫣然,"IA,汽车,影视神仙剪刀手,必剪创作",日常,334,ia_music,False,False,music_only_ia,tags仅有'IA'但无VOCALOID/歌姬标签，IA可能是笔误或非虚拟歌姬(clean='不同IA的估价')，需LLM确认
BV1vadmBwE2e,1,谁能取得第一？N站术力口神话曲月榜第一期,一发导弹-SFS_导弹P,"必剪创作,术力口,IA,神话,DECO*27,VOCALOID,初音ミク",日常,2777,ia_related,False,False,nonsong_mixed:神话曲,标题含'神话曲'(非歌曲信号)但tags有音乐标签，需LLM确认
BV1uWdUB4Ed5,1,爱我，恨我，不要对我置之不理,写下黑色玫瑰,"izzaxl,ia,摇滚同人,情感,美女",篮球,839,ia_music,False,False,music_only_ia,tags仅有'IA'但无VOCALOID/歌姬标签，IA可能是笔误或非虚拟歌姬(clean='爱我，恨我，不要对我置之不理')，需LLM确认
BV1asdrBkE7C,1,【绘画过程】 维什戴尔 摸鱼,请蒸西蓝花,"维什戴尔,明日方舟,IA,明日方舟创作者应援计划,必剪创作,维神,雨宿り,摸鱼,绘画过程,绘画",日常,1455,ia_related,False,False,nonsong_mixed:绘画,标题含'绘画'(非歌曲信号)但tags有音乐标签，需LLM确认
BV1dGoFBYEjH,1,日常观测『误解』【熟肉】【VOICEROID剧场】,VOICEROID吧,"绁星灯,VOICEROID剧场,OИE,结月缘,IA,剧场,熟肉",同人·手书,717,ia_related,False,False,nonsong_mixed:剧场,标题含'剧场'(非歌曲信号)但tags有音乐标签，需LLM确认
BV1eXdZBtERo,1,六兆年と一夜物语【舞萌DX】紫谱 标谱 大师难度 完美无缺手元,润羽草生,"王者荣耀UP主激励计划,MAIMAI,IA,音乐游戏,音乐,必剪创作,AP",日常,315,ia_music,True,False,music_only_ia,tags仅有'IA'但无VOCALOID/歌姬标签，IA可能是笔误或非虚拟歌姬(clean='六兆年と一夜物语紫谱 标谱 大师难度 完美无缺手元')，需LLM确认
BV1z7doBYEiL,1,✿ DAYBREAK FRONTLINE ／ Ria【Cover】,Blessing115,"DAYBREAK FRONTLINE,日语翻唱,IA,歌ってみた,cover,Ria,Orangestar",翻唱,478,ia_music,False,True,music_only_ia,tags仅有'IA'但无VOCALOID/歌姬标签，IA可能是笔误或非虚拟歌姬(clean='✿ DAYBREAK FRONTLINE ／ Ria')，需LLM确认
BV1J5dpBqEpu,1,史上最糖巨人最后被溜飞,RBX_老波菜,IA,日常,182,ia_music,False,False,music_only_ia,tags仅有'IA'但无VOCALOID/歌姬标签，IA可能是笔误或非虚拟歌姬(clean='史上最糖巨人最后被溜飞')，需LLM确认
BV1wQdpBGEhd,1,冰封一剑！龙落！你且看这一剑帅不帅《剑与远征》,剑与远征狐小鱼,"RPG,二次元,IA特效,剑与远征星河创想家计划,狐小鱼,剑与远征,休闲益智,高燃",手机游戏,924,irrelevant,False,False,category_gaming,无明确信号，仅靠分区'手机游戏'推断
BV1hmdJB7Evt,1,结月缘摄影会【VOICEROID剧场】*猫龍,猫猫抱玩偶,"猫龍,绁星灯,voiceroid,弦卷真纪,结月缘,IA",配音,1117,ia_related,False,False,nonsong_mixed:剧场,标题含'剧场'(非歌曲信号)但tags有音乐标签，需LLM确认
BV1jJdnBxEvU,1,ia,爱开车女司机,"传说之下,音乐现场,IA,电子音乐,电音,高能音乐挑战赛",MV,786,ia_music,False,False,music_only_ia,tags仅有'IA'但无VOCALOID/歌姬标签，IA可能是笔误或非虚拟歌姬(clean='ia')，需LLM确认
BV1W4dYBuEM1,1,【PV练习】Silly Terror,Eyday_,"シリーテラー (feat. IA),日语,自制,二阶堂希罗,PV,又看一集动画创作大赛,魔裁,音乐",MAD·AMV,1933,ia_related,False,False,fallback,无任何明确信号，默认归为ia_related
BV1myQ3BkEUU,1,这绝对是全网最爽的《明日夜空哨戒班》街头混音演奏Ver,夜樱飞雪,"街头表演,IA,演奏,公共钢琴,兴业太古汇,明日夜空哨戒班,Orangestar,钢琴改编",演奏,756,ia_music,False,True,music_only_ia,tags仅有'IA'但无VOCALOID/歌姬标签，IA可能是笔误或非虚拟歌姬(clean='这绝对是全网最爽的《明日夜空哨戒班》街头混音演奏Ver')，需LLM确认
BV1MUQeBuEPb,1,（武装突袭3）机器狗出马一个顶俩要挂弹药无限 ୧⍢⃝୨,飞手UAV幽灵MOA,"科技猎手,科技IA,游戏日常,机器狗,突袭,武装突袭3,武装突袭,军事,FPS,战争",网络游戏,655,irrelevant,False,False,category_gaming,无明确信号，仅靠分区'网络游戏'推断
BV1gVQbBZEt5,1,恰樱饼（求大家助力IA娃成团）,我爱睡觉zzz茜,"伊爱,cos,IA",舞蹈综合,404,ia_music,False,False,music_only_ia,tags仅有'IA'但无VOCALOID/歌姬标签，IA可能是笔误或非虚拟歌姬(clean='恰樱饼（求大家助力IA娃成团）')，需LLM确认
BV1B7QtBKEch,1,魅惑 1，2，3…谁的DNA动了？虎視眈々 -梅とら ft.ルカミククミIAリン电吉他翻弹     （IA好像没标签）,木羽水告,"音乐现场,COVER,翻弹,高能音乐挑战赛,DNA,SOLO,电吉他",演奏,131,ia_related,False,True,fallback,无任何明确信号，默认归为ia_related
BV1K5QsBrEpm,1,六兆年と一夜物語 (标准谱面)MASTER 理论值ALL PERFECT【maimai】,茜茜莉Cicini,"舞萌2025,必剪创作,舞萌DX,kemu,堀江晶太,IA,六兆年零一夜物语",日常,187,ia_music,True,False,music_only_ia,tags仅有'IA'但无VOCALOID/歌姬标签，IA可能是笔误或非虚拟歌姬(clean='六兆年と一夜物語 (标准谱面)MASTER 理论值ALL P')，需LLM确认
BV1P6QxBkEtU,1,结月由香里，亲吻伊爱身姿似七彩花般。【绘画过程】,松江CC,"画师热点情报站,结月缘,IA,虚拟歌姬,绘画过程,VOCALOID,IA小天使OFFICIAL,术力口,兔羽",绘画,187,ia_related,False,False,nonsong_mixed:绘画,标题含'绘画'(非歌曲信号)但tags有音乐标签，需LLM确认
BV164DXBGETG,1,大概是目前全网最高技术的《明日夜空哨戒班》钢琴翻弹,夜樱飞雪,"IA,翻弹,钢琴,明日夜空哨戒班,Orangestar,钢琴演奏",演奏,3938,ia_music,False,True,music_only_ia,tags仅有'IA'但无VOCALOID/歌姬标签，IA可能是笔误或非虚拟歌姬(clean='大概是目前全网最高技术的《明日夜空哨戒班》钢琴翻弹')，需LLM确认
BV1u7D1BKEXZ,1,【竖笛】翱翔于空中是怎样的感觉？来听明日夜空的哨戒班！,Applepie_ovo,"Orangestar,Vocaloid,明日夜空的哨戒班,IA,竖笛",演奏,663,ia_music,False,False,music_weird_title,tags有IA/VOCALOID但标题格式非标准歌曲(clean='翱翔于空中是怎样的感觉？来听明日夜空的哨戒班！')，需LLM确认
BV1nAQABzEhk,1,这大概是当下神话曲《明日夜空哨戒班》最疯狂的钢琴改编演奏了#钢琴演奏orangestar明日夜空硝戒班钢琴改编,夜樱飞雪,"明日夜空哨戒班,Orangestar,IA,改编,钢琴,钢琴演奏",演奏,1276,ia_related,False,True,nonsong_mixed:神话曲,标题含'神话曲'(非歌曲信号)但tags有音乐标签，需LLM确认
BV1ciDsBYEdP,1,群靑 | HIPPI - 超次元绘画魔法——,松江CC,"画师热点情报站,IA小天使OFFICIAL,HIPPI,虚拟歌手,虚拟歌姬,绘画过程,OC",绘画,234,ia_related,False,False,nonsong_mixed:绘画,标题含'绘画'(非歌曲信号)但tags有音乐标签，需LLM确认
BV149DEBdEg2,1,【WOTA艺】ノウナイディスコ——r-906/IA,猫猫可爱滴捏,"r-906,IA,WOTA艺,宅舞",宅舞,806,ia_related,False,False,nonsong_mixed:WOTA艺,标题含'WOTA艺'(非歌曲信号)但tags有音乐标签，需LLM确认
BV1txDBB2EFP,1,"【WOTA艺】アスノヨゾラ哨戒班-Orangestar,IA -",逢田梨香子_Official,"用宅舞记录这个春天,Orangestar,ヲタ芸,IA,WOTA艺,宅舞",宅舞,1300,ia_related,False,False,nonsong_mixed:WOTA艺,标题含'WOTA艺'(非歌曲信号)但tags有音乐标签，需LLM确认
BV1Q8DYBBExc,1,日常观测『四色』【熟肉】【VOICEROID剧场】,VOICEROID吧,"微量达克赛德,绁星灯,VOICEROID剧场,结月缘,IA,OИE,熟肉",同人·手书,999,ia_related,False,False,nonsong_mixed:剧场,标题含'剧场'(非歌曲信号)但tags有音乐标签，需LLM确认
BV1V2DFBUE9q,1,早稻叽 - 夏令时记录,棉花mennka,"vup,早稻叽,虚拟up主,虚拟YOUTUBER,サマータイムレコード,IA,翻唱",动画综合,174,ia_music,False,True,music_only_ia,tags仅有'IA'但无VOCALOID/歌姬标签，IA可能是笔误或非虚拟歌姬(clean='早稻叽 - 夏令时记录')，需LLM确认
BV1CBSRBUEMg,1,气短拧巴女也要唱「アスノヨゾラ哨戒班」（已去世版）,callme玛卡,"めありー,翻唱总动员,orangestar,IA,高中生,翻唱,VOCALOID,cover,アスノヨゾラ哨戒班",翻唱,2575,ia_related,False,True,nonsong_mixed:去世,标题含'去世'(非歌曲信号)但tags有音乐标签，需LLM确认
BV1M6SQBDEbM,1,【绘画过程】脑内disco,72451012285_bili,"画画的日常,r-906,IA,绘画过程,绘画",绘画,1479,ia_related,False,False,nonsong_mixed:绘画,标题含'绘画'(非歌曲信号)但tags有音乐标签，需LLM确认
BV1XSSDBREC9,1,【明日的夜空哨戒班/钢琴翻弹】十年过去了，你还会为这首曲子点进来吗？,南城半夏,"全能音乐挑战赛,IA,蜜柑星p,术力口,明日的夜空哨戒班,古早,钢琴翻弹",演奏,1127,ia_music,False,True,music_weird_title,tags有IA/VOCALOID但标题格式非标准歌曲(clean='十年过去了，你还会为这首曲子点进来吗？')，需LLM确认
BV1CKSSBKEDY,1,IA IA AA YEYE YEYE 这才是真正的音乐,Easrfa,meme,演奏,223,ia_related,False,False,fallback,无任何明确信号，默认归为ia_related
BV1HoD5BMEfV,1,「橙星」ORANGESTAR是谁？？？,STAWOLF13,"夏背,春夏秋冬代行者,Orangestar,EDM,めありー,音乐推荐,IA,初音未来,4月新番,VOCALOID",MAD·AMV,3534,ia_music,False,False,music_weird_title,tags有IA/VOCALOID但标题格式非标准歌曲(clean='「橙星」ORANGESTAR是谁？？？')，需LLM确认
BV1fhDuBSEnc,1,在樱花树下唱了guiano的《花》,溁_,"Guiano,花谱,花,IA,樱花,翻唱",演奏,981,ia_music,False,True,music_only_ia,tags仅有'IA'但无VOCALOID/歌姬标签，IA可能是笔误或非虚拟歌姬(clean='在樱花树下唱了guiano的《花》')，需LLM确认
BV1KRDTB4EGw,1,オカルティックセンス,AkutaZehy,"IA,オカルティックセンス,gaburyu,文字PV,映像",音MAD,386,ia_music,False,False,music_only_ia,tags仅有'IA'但无VOCALOID/歌姬标签，IA可能是笔误或非虚拟歌姬(clean='オカルティックセンス')，需LLM确认
BV1F7DABKEfL,1,SQ Taishi - Liberator,ステラルーシェ,"IA,Taishi",音乐综合,183,ia_music,False,False,music_only_ia,tags仅有'IA'但无VOCALOID/歌姬标签，IA可能是笔误或非虚拟歌姬(clean='SQ Taishi - Liberator')，需LLM确认
BV13m9EBrEyk,1,功夫杯 牛黄上来就是十二D俄罗斯选手都慌了！,不打螺丝的卡洛斯,"igmacsed,SCBOY,星际争霸2,搞笑,整点电子榨菜,李培楠,瞧尔萨斯,ia,功夫杯",网络游戏,6529,ia_music,False,False,music_only_ia,tags仅有'IA'但无VOCALOID/歌姬标签，IA可能是笔误或非虚拟歌姬(clean='功夫杯 牛黄上来就是十二D俄罗斯选手都慌了！')，需LLM确认
BV1V69jBBEHQ,1,你还不知道IA要有棉花娃娃了吗？,孽虚烟呀,"棉花娃娃,CEVIO,IA,娃娃,VOCALOID",动画综合,614,ia_music,False,False,music_weird_title,tags有IA/VOCALOID但标题格式非标准歌曲(clean='你还不知道IA要有棉花娃娃了吗？')，需LLM确认
BV1b295BdEJj,1,iV2h3IA,雪夜中的书生,绝区零UP主激励计划,音MAD,2527,ia_related,False,False,fallback,无任何明确信号，默认归为ia_related
BV1BMXrBCE6B,1,【CONA × 青い子】再教育,百合咲奈奈,"再教育,IXJk4_IA5LM,CONA,青い子,Neru,日语翻唱,COVER",翻唱,172,ia_music,False,True,category_vocaloid,无明确信号，仅靠分区'翻唱'推断为ia_music
BV1rMXeB8Etd,1,IA x 结月缘 | 月与绘画魔法——,松江CC,"画师热点情报站,IA小天使OFFICIAL,結月ゆかり,结月缘,术力口,兔羽,IA,虚拟歌姬,绘画过程,VOCALOID",绘画,311,ia_related,False,False,nonsong_mixed:绘画,标题含'绘画'(非歌曲信号)但tags有音乐标签，需LLM确认
BV1dtXQBzEdu,1,坏了 Ai真让黄哥训练好了,不打螺丝的卡洛斯,"整点电子榨菜,ia,牛黄,孙一峰,AI,人工智能,星际争霸2",网络游戏,11438,ia_music,False,False,music_only_ia,tags仅有'IA'但无VOCALOID/歌姬标签，IA可能是笔误或非虚拟歌姬(clean='坏了 Ai真让黄哥训练好了')，需LLM确认
BV1VyX2BWEyr,1,t5Ia4N,丷能跑为什么要打丷,绝区零UP主激励计划,音MAD,2728,ia_related,False,False,fallback,无任何明确信号，默认归为ia_related
BV1EcXjBGEKr,1,雨き声残響,口米口米不是猫,"术力口,Orangestar,橙星,IA,吉他弹唱,VOCALOID,雨声残响",日常,5676,ia_music,False,True,music_weird_title,tags有IA/VOCALOID但标题格式非标准歌曲(clean='雨き声残響')，需LLM确认
BV1qCXjBkEGd,1,孙哥想驯服Ai反被Ai整崩溃了 人工智能变人工智障！,不打螺丝的卡洛斯,"SCBOY,黄旭东,孙一峰,人工智能,星际争霸2,搞笑,整点电子榨菜,Ai,ia,bb",网络游戏,12860,ia_music,False,False,music_only_ia,tags仅有'IA'但无VOCALOID/歌姬标签，IA可能是笔误或非虚拟歌姬(clean='孙哥想驯服Ai反被Ai整崩溃了 人工智能变人工智障！')，需LLM确认
BV1yHXGB3ECA,1,IA3v9BdQfa,爱跑步的库库,绝区零UP主激励计划,音MAD,2827,ia_related,False,False,fallback,无任何明确信号，默认归为ia_related
BV1EsXMBXEC1,1,【生日艺】空奏列车,某哲学的超电磁蕉,"OrangeStar,wota艺,地下艺,空奏列车,IA,WOTA,生日,初音ミク",宅舞,200,ia_music,False,False,music_weird_title,tags有IA/VOCALOID但标题格式非标准歌曲(clean='空奏列车')，需LLM确认
BV11PXsB3EvL,1,日常观测『浑一』【熟肉】【VOICEROID剧场】,VOICEROID吧,"VOICEROID剧场,结月缘,IA,日语,剧场,熟肉",同人·手书,769,ia_related,False,False,nonsong_mixed:剧场,标题含'剧场'(非歌曲信号)但tags有音乐标签，需LLM确认
BV1dKXNBMEL3,1,【オリジナルMV】アスノヨゾラ哨戒班/Orangestar【Covered by 夢咲みう】,Blessing115,"夢咲みう,VTuber,Orangestar,cover,アスノヨゾラ哨戒班,日语翻唱,IA,歌ってみた",翻唱,416,ia_music,False,True,music_only_ia,tags仅有'IA'但无VOCALOID/歌姬标签，IA可能是笔误或非虚拟歌姬(clean='アスノヨゾラ哨戒班/Orangestar')，需LLM确认
BV1uFX4BXE3P,1,【音频可视化/IA/Orangestar/音乐推荐】Orangestar (蜜柑星P) - Ifの世界設定,Cloud-in-冷凍庫,"全能音乐挑战赛,术力口,Orangestar,音频可视化,音频,音乐推荐,IA",音乐综合,251,ia_related,False,False,nonsong_mixed:推荐,标题含'推荐'(非歌曲信号)但tags有音乐标签，需LLM确认
BV1BnX4BMEga,1,好看吧，我呛了四口海水拍出来的,六价Mo璃子,"IA,为什么有点奇怪呢是我后面不会画摆了,画师热点情报站,無題,guiano,oc,自设,绘画过程,画画,海",日常,387,ia_music,False,False,music_only_ia,tags仅有'IA'但无VOCALOID/歌姬标签，IA可能是笔误或非虚拟歌姬(clean='好看吧，我呛了四口海水拍出来的')，需LLM确认
BV1V2XWB9EhB,1,(test #17)［草鞋TV］小邪刚过完生日就被迫和小牛不紧不慢不快不慢的ouz ia,khromium,"Evil Neuro,Neuro-sama,Neuro,虚拟主播",音乐综合,896,ia_related,False,False,fallback,无任何明确信号，默认归为ia_related
BV1B5XsBeEiw,1,iA研究的Ai不认识SCBOY 只知道CSBOY！,不打螺丝的卡洛斯,"黄旭东,整点电子榨菜,CSBOY,瞧尔萨斯,scboy,IA,孙一峰,星际争霸2",网络游戏,2733,ia_music,False,False,music_only_ia,tags仅有'IA'但无VOCALOID/歌姬标签，IA可能是笔误或非虚拟歌姬(clean='iA研究的Ai不认识SCBOY 只知道CSBOY！')，需LLM确认
BV1GoXEBrE21,1,ia78mDJ55x,晨羊夏洛特,绝区零UP主激励计划,音MAD,2601,ia_related,False,False,fallback,无任何明确信号，默认归为ia_related
BV1rFXEBSEiN,1,俩小孩能犯多大的错呢,笔仙HUA,"臭企鹅,白子,菲比,IA,AI",日常,212,ia_music,False,False,music_only_ia,tags仅有'IA'但无VOCALOID/歌姬标签，IA可能是笔误或非虚拟歌姬(clean='俩小孩能犯多大的错呢')，需LLM确认
BV1p1QUBqExB,1,ia的emoji,我爱睡觉zzz茜,"Cosplay,IA,日常",舞蹈综合,362,ia_music,False,False,music_only_ia,tags仅有'IA'但无VOCALOID/歌姬标签，IA可能是笔误或非虚拟歌姬(clean='ia的emoji')，需LLM确认
BV1ugQSBnEVy,1,什么！？你还没有在用IA动态表情包吗！？,孽虚烟呀,"EmoteLab,表情包,CEVIO,IA,VOCALOID",动画综合,3058,ia_music,False,False,music_weird_title,tags有IA/VOCALOID但标题格式非标准歌曲(clean='什么！？你还没有在用IA动态表情包吗！？')，需LLM确认
BV1TZQBBSEbo,1,IA - 造星者  【绘画过程】,松江CC,"IA,画师热点情报站,IA小天使OFFICIAL,伊爱,术力口,虚拟歌姬,绘画过程,VOCALOID",绘画,532,ia_related,False,False,nonsong_mixed:绘画,标题含'绘画'(非歌曲信号)但tags有音乐标签，需LLM确认
BV1qhQfBoEir,1,我只想看到你的笑颜。,飘散零落与残缺,IA,绘画,412,ia_music,False,False,music_only_ia,tags仅有'IA'但无VOCALOID/歌姬标签，IA可能是笔误或非虚拟歌姬(clean='我只想看到你的笑颜。')，需LLM确认
BV1byQRBaEbx,1,【CeVIO剧场】半价活动,Il--lI,"CeVIO,VOICEROID,结月缘,IA",同人·手书,1229,ia_related,False,False,nonsong_mixed:剧场,标题含'剧场'(非歌曲信号)但tags有音乐标签，需LLM确认
BV1auQQBfE9J,1,【MMFC12/淘汰】黒い涙と護るべき命と SSS+ FC,盐渍芋头头,"MMFC12,神之天平,maimai,自制谱,IA",日常,231,ia_music,True,False,music_only_ia,tags仅有'IA'但无VOCALOID/歌姬标签，IA可能是笔误或非虚拟歌姬(clean='黒い涙と護るべき命と SSS+ FC')，需LLM确认
