bvid,page,title,tags,song_name,vocal_singer
BV1Qi7SzXE8K,1,Wonderdogs&#x27; Parade / IA &amp; MIKU,"初音ミク,VOCALOID",Wonderdogs&#x27; Parade / IA &amp; MIKU,IA
BV1ns411o7PQ,1,【ルカ ミク グミ IA リン】虎视眈眈,"GUMI,梅绅士,四字熟语系列,虎视眈眈,VOCALOID",虎视眈眈,IA
BV1cx411c7go,1,【IA】夜咄DECEIVE,"VOCALOID,JIN,じん（自然の敌P）,しづ,KANO,IA_-ARIA_ON_THE_PLANETES-_,目隐都市的演绎者",夜咄DECEIVE,IA
BV1ps411f7oj,1,【IA】夕景yesterday,"JIN,UP主求嫁,遥贵,池面人生,VOCALOID,じん（自然の敌P）,IA,夕景イエスタデイ",夕景yesterday,IA
BV14441187Yo,1,6th sense / たべっこ feat.IA (Music Video),"VOCAROCK,日本,IA,たべっこ,はなけん,しとお,音乐",6th sense / たべっこ (Music Video),IA
BV13t411V7pX,1,鳥の詩 -IA version-,"V家,IA,Vocaloid,IA小天使,伊爱,イア,IA小天使OFFICIAL,鸟之诗,鳥の詩,LIA",鳥の詩 -IA version,IA
BV1Gx411F7PS,1,【IA】我在找弟弟的A片的时候他带女朋友回来,"弟のエロDVD渔ってたら彼女连れて帰ってきた,さいたまにすと,SM17911956,VOCALOID,IA",我在找弟弟的A片的时候他带女朋友回来,IA
BV16o4y1176J,1,重奏オルレアン／IA・初音ミク,"初音MIKU,IA",重奏オルレアン/IA・初音ミク,IA
BV16o4y1176J,2,重奏オルレアン／IA・初音ミク - ニコニコ動画,"初音MIKU,IA",重奏オルレアン/IA・初音ミク - ニコニコ動画,IA
BV1st41197xJ,1,超会议2018 IA 哨戒班,"VOCALOIDCHINA,演唱会,超会议,音乐,IA",超会议2018 IA 哨戒班,IA
BV1G3JPzcEgm,1,〖中文字幕〗ワンダードッグパレー／奇迹犬的大游行 夏山よっぎ／IA／初音ミク,"初音ミク,中文字幕,VOCALOID",〖中文字幕〗ワンダードッグパレー/奇迹犬的大游行 夏山よっぎ/IA/初音ミク,IA
BV1q6ZeBKEum,1,【初音/重音/可不/IA/GUMI/Flower/中译版】特別救济委员会（BY：サツキ和Atena）,"初音ミク,VOCALOID,重音テト,GUMI,IA,VOCALOID·UTAU,Flower,术力口,可不",特別救济委员会(BY:サツキ和Atena),IA
BV1mh411J7iF,1,威風堂々（威风堂堂）+WAVE－（中文字幕）,"初音未来,GUMI,VOCALOID,IA,巡音流歌,镜音铃",威風堂々(威风堂堂)+WAVE-(中文字幕),IA
BV1Hz4y157vq,1,IA GLOWB「INTERGALACTIA」MV,"MV,日语MV,我的MV我做主,IA GLOWB,INTERGALACTIA,我的MV我做主3.0,IA INTERGALACTIA",IA GLOWB「INTERGALACTIA」MV,IA
BV16W411g7YX,1474,少年は教室がきらいだったのだ／歌、IA_sm16429950,"MAYU,MEIKO,巡音ルカ,結月ゆかり,VOCALOID殿堂入り,初音ミク,鏡音リン,IA,GUMI",少年は教室がきらいだったのだ/歌、IA_sm16429950,IA
BV16W411g7YX,1518,IAオリジナル曲　『Ref-Rain』_sm16805471,"MAYU,MEIKO,巡音ルカ,結月ゆかり,VOCALOID殿堂入り,初音ミク,鏡音リン,IA,GUMI",IAオリジナル曲 『Ref-Rain』_sm16805471,IA
BV16W411g7YX,1523,VOCALOID3 IA「blessed child」(オリジナル曲)_sm16817021,"MAYU,MEIKO,巡音ルカ,結月ゆかり,VOCALOID殿堂入り,初音ミク,鏡音リン,IA,GUMI",VOCALOID3 IA「blessed child」(オリジナル曲)_sm16817021,IA
BV16W411g7YX,1608,君はいなせなガール／歌、IAとmiki_sm17536640,"MAYU,MEIKO,巡音ルカ,結月ゆかり,VOCALOID殿堂入り,初音ミク,鏡音リン,IA,GUMI",君はいなせなガール/歌、IAとmiki_sm17536640,IA
BV16W411g7YX,1630,釘バットギャングの日常～下北編～／歌、IA_sm17656208,"MAYU,MEIKO,巡音ルカ,結月ゆかり,VOCALOID殿堂入り,初音ミク,鏡音リン,IA,GUMI",釘バットギャングの日常~下北編~/歌、IA_sm17656208,IA
BV16W411g7YX,1671,サカナ暮らし／歌、IAとmiki_sm18016451,"MAYU,MEIKO,巡音ルカ,結月ゆかり,VOCALOID殿堂入り,初音ミク,鏡音リン,IA,GUMI",サカナ暮らし/歌、IAとmiki_sm18016451,IA
BV16W411g7YX,1692,IAオリジナル曲 『Re;BIRTH』_sm18185556,"MAYU,MEIKO,巡音ルカ,結月ゆかり,VOCALOID殿堂入り,初音ミク,鏡音リン,IA,GUMI",IAオリジナル曲 『Re;BIRTH』_sm18185556,IA
BV16W411g7YX,1819,魔法電車とキライちゃん／歌、IAとmiki_sm19098494,"MAYU,MEIKO,巡音ルカ,結月ゆかり,VOCALOID殿堂入り,初音ミク,鏡音リン,IA,GUMI",魔法電車とキライちゃん/歌、IAとmiki_sm19098494,IA
BV16W411g7YX,1938,ばいばいスーパースター／歌、IA_sm19923618,"MAYU,MEIKO,巡音ルカ,結月ゆかり,VOCALOID殿堂入り,初音ミク,鏡音リン,IA,GUMI",ばいばいスーパースター/歌、IA_sm19923618,IA
BV16W411g7YX,1962,リスタート feat.結月ゆかり、IA_sm20080773,"MAYU,MEIKO,巡音ルカ,結月ゆかり,VOCALOID殿堂入り,初音ミク,鏡音リン,IA,GUMI",リスタート,IA
BV16W411g7YX,2058,（ IA＾ω＾）東　京　リ　ア　ル　ワ　ー　ル　ド（ ＾ω＾PV）_sm20682975,"MAYU,MEIKO,巡音ルカ,結月ゆかり,VOCALOID殿堂入り,初音ミク,鏡音リン,IA,GUMI",( IA^ω^)東 京 リ ア ル ワ ー ル ド( ^ω^PV)_sm20682975,IA
BV16W411g7YX,2182,ワンツーハロー／歌、IA_sm21532062,"MAYU,MEIKO,巡音ルカ,結月ゆかり,VOCALOID殿堂入り,初音ミク,鏡音リン,IA,GUMI",ワンツーハロー/歌、IA_sm21532062,IA
BV16W411g7YX,2219,M'AIDER遭難ガール feat. IA _ out of survice_sm21755565,"MAYU,MEIKO,巡音ルカ,結月ゆかり,VOCALOID殿堂入り,初音ミク,鏡音リン,IA,GUMI",M'AIDER遭難ガール _ out of survice_sm21755565,IA
BV16W411g7YX,2264,【IA】セツナドライブ｜滝 善充（9mm Parabellum Bullet）_so22111664,"MAYU,MEIKO,巡音ルカ,結月ゆかり,VOCALOID殿堂入り,初音ミク,鏡音リン,IA,GUMI",セツナドライブ|滝 善充(9mm Parabellum Bullet)_so22111664,IA
BV16W411g7YX,2273,ゲラゲラと笑うな／歌、IA_sm22167866,"MAYU,MEIKO,巡音ルカ,結月ゆかり,VOCALOID殿堂入り,初音ミク,鏡音リン,IA,GUMI",ゲラゲラと笑うな/歌、IA_sm22167866,IA
BV16W411g7YX,2340,【IA・鏡音リン】Anti the EuphoriaHOLiC (from幻奏楽土小説版)_sm22777981,"MAYU,MEIKO,巡音ルカ,結月ゆかり,VOCALOID殿堂入り,初音ミク,鏡音リン,IA,GUMI",Anti the EuphoriaHOLiC (from幻奏楽土小説版)_sm22777981,IA・鏡音リン
BV16W411g7YX,2536,サンデーミナミパーク／歌、ROCKSなIA_sm24712348,"MAYU,MEIKO,巡音ルカ,結月ゆかり,VOCALOID殿堂入り,初音ミク,鏡音リン,IA,GUMI",サンデーミナミパーク/歌、ROCKSなIA_sm24712348,IA
BV16W411g7YX,2563,オーヴァークロック ／ feat. IA ROCKS_sm25027572,"MAYU,MEIKO,巡音ルカ,結月ゆかり,VOCALOID殿堂入り,初音ミク,鏡音リン,IA,GUMI",オーヴァークロック / ROCKS_sm25027572,IA
BV16W411g7YX,2624,サイコなわたし／歌、IA_sm25565367,"MAYU,MEIKO,巡音ルカ,結月ゆかり,VOCALOID殿堂入り,初音ミク,鏡音リン,IA,GUMI",サイコなわたし/歌、IA_sm25565367,IA
BV16W411g7YX,2685,プラトニック・ラヴ／IA_sm26405032,"MAYU,MEIKO,巡音ルカ,結月ゆかり,VOCALOID殿堂入り,初音ミク,鏡音リン,IA,GUMI",プラトニック・ラヴ/IA_sm26405032,IA
BV16W411g7YX,2770,ハチスは夏に背を向けて／IA／MV_sm27546102,"MAYU,MEIKO,巡音ルカ,結月ゆかり,VOCALOID殿堂入り,初音ミク,鏡音リン,IA,GUMI",ハチスは夏に背を向けて/IA/MV_sm27546102,IA
BV16W411g7YX,2774,壊れぬハートが欲しいのだ／歌、IAとmiki_sm27657095,"MAYU,MEIKO,巡音ルカ,結月ゆかり,VOCALOID殿堂入り,初音ミク,鏡音リン,IA,GUMI",壊れぬハートが欲しいのだ/歌、IAとmiki_sm27657095,IA
BV16W411g7YX,2910,なんで生きてんだろうってすげえ思うんだ／IA_sm30495535,"MAYU,MEIKO,巡音ルカ,結月ゆかり,VOCALOID殿堂入り,初音ミク,鏡音リン,IA,GUMI",なんで生きてんだろうってすげえ思うんだ/IA_sm30495535,IA
BV16W411g7YX,2915,取り柄のないクズだって生きてていいだろが／IA_sm30599869,"MAYU,MEIKO,巡音ルカ,結月ゆかり,VOCALOID殿堂入り,初音ミク,鏡音リン,IA,GUMI",取り柄のないクズだって生きてていいだろが/IA_sm30599869,IA
BV16W411g7YX,2951,てるみい／歌、IAとOИE_sm31413058,"MAYU,MEIKO,巡音ルカ,結月ゆかり,VOCALOID殿堂入り,初音ミク,鏡音リン,IA,GUMI",てるみい/歌、IAとOИE_sm31413058,IA
BV16W411g7YX,2956,マチガイサガシ／IA feat.まふまふ_sm31480307,"MAYU,MEIKO,巡音ルカ,結月ゆかり,VOCALOID殿堂入り,初音ミク,鏡音リン,IA,GUMI",マチガイサガシ/IA,IA
BV16W411g7YX,3417,【IA】Historia_opening theme（歴史秘話ヒストリアテーマ曲）_sm18422019,"MAYU,MEIKO,巡音ルカ,結月ゆかり,VOCALOID殿堂入り,初音ミク,鏡音リン,IA,GUMI",Historia_opening theme(歴史秘話ヒストリアテーマ曲)_sm18422019,IA
BV16W411g7YX,3520,【IA】 Schubert Ave Maria (Ellens dritter Gesang)_sm16808464,"MAYU,MEIKO,巡音ルカ,結月ゆかり,VOCALOID殿堂入り,初音ミク,鏡音リン,IA,GUMI",Schubert Ave Maria (Ellens dritter Gesang)_sm16808464,IA
BV16W411g7YX,3521,【IA】 magnet 【初音ミク】_sm16808169,"MAYU,MEIKO,巡音ルカ,結月ゆかり,VOCALOID殿堂入り,初音ミク,鏡音リン,IA,GUMI",magnet _sm16808169,IA
BV16W411g7YX,3715,IAオリジナル曲　『CARLA』_sm17429124,"MAYU,MEIKO,巡音ルカ,結月ゆかり,VOCALOID殿堂入り,初音ミク,鏡音リン,IA,GUMI",IAオリジナル曲 『CARLA』_sm17429124,IA
BV16W411g7YX,3924,"『キミの全てを見せてよ』 _ 初音ミク, GUMI, 鏡音リン, IA_sm31389917","MAYU,MEIKO,巡音ルカ,結月ゆかり,VOCALOID殿堂入り,初音ミク,鏡音リン,IA,GUMI","『キミの全てを見せてよ』 _ 初音ミク, GUMI, 鏡音リン, IA_sm31389917",IA
BV16W411g7YX,3975,‐ IA ‐　『 Let-ters 』　オリジナル曲_sm19802092,"MAYU,MEIKO,巡音ルカ,結月ゆかり,VOCALOID殿堂入り,初音ミク,鏡音リン,IA,GUMI",‐ IA ‐ 『 Let-ters 』 オリジナル曲_sm19802092,IA
BV16W411g7YX,3978,ひとりがち／IA_sm33144790,"MAYU,MEIKO,巡音ルカ,結月ゆかり,VOCALOID殿堂入り,初音ミク,鏡音リン,IA,GUMI",ひとりがち/IA_sm33144790,IA
BV1Rx411N7h7,1,【IA】明日的夜空哨戒班,"VOCALOID,IA,良曲,アスノヨゾラ哨戒班,字幕付,ORANGESTAR",明日的夜空哨戒班,IA
BV1bx411w7QC,1,【IA】塵塵呪詛(チリチリジュソ),"IA -ARIA ON THE PLANETES-,VOCALOID,きくお",塵塵呪詛(チリチリジュソ),IA
BV1bx411w7M3,1,IA「イアイア★ナイトオブデザイア」[samfree night series],"IA -ARIA ON THE PLANETES-,SAMFREE,VOCALOID,HARU,恒例行事",IA「イアイア★ナイトオブデザイア」,IA
BV18x411T7Ex,1,【初音ミク・IA】我叫了應召女郎然後你就來了【ナナホシ管弦楽団(不純異性交遊P),"ナナホシ管弦楽団(不纯异性交游P),初音MIKU,デリヘル呼んだら君が来た,SNT,VOCAROCK,VOCALOID,IA",我叫了應召女郎然後你就來了【ナナホシ管弦楽団(不純異性交遊P),初音ミク・IA
BV1Kx411c7dH,1,【IA】駕雲者,"CIEL(神无月P),VOCALOID,CHRIS,クラウドライダー,神调教,IA",駕雲者,IA
BV11b4y1E71Y,1,もう僕に夏は来ない/feat.IA,"初音,自制,MIKU,VOCALOIDCHINA",もう僕に夏は来ない,IA
BV1ec411V7sk,1,世界上最幸福的死法｜世界で一番幸せな死に方 - 故歌 feat.IA (1080p).mp4,"虚拟歌手,携手虚拟歌手征服世界吧！,VOCALOID,IA",世界上最幸福的死法|世界で一番幸せな死に方 - 故歌 (1080p).mp4,IA
BV1pP4y1876p,1,【IA CeVIO AI】アスノヨゾラ哨戒班,"CeVIO AI,IA,CeVIO",アスノヨゾラ哨戒班,IA CeVIO AI
BV17s411k7eh,1,【庆祝IA上海初演】薬（PV付）,"药不能停,可以，这很逼死,原创曲PV付,VOCALOID,逼死翻唱系列,药,标题不认识,IA",薬(PV付),IA
BV1K3411E7Ho,1,群青列車 / feat.初音ミク ＆ IA,"MIKU,MV,初音MIKU,歌曲,初音,自制,VOCALOIDCHINA",群青列車 / & IA,IA
BV1Lx411w7h7,1,SIDE：IA,"LIA,IA,C81,VOCALOID",SIDE:IA,IA
BV1wb411h7Z8,1,【IA&amp;ONE】山手线之歌（高輪GATEWAY对应）,"山手线之歌,ONE,JR,Lia,日本铁道,东京,山手线,IA",山手线之歌(高輪GATEWAY对应),IA&amp;ONE
BV1sx411w7tZ,1,【 IA 】 現実的論理主義者,"KOYUBI,IA,毒性强,高二病,中毒,ゴボウメン,VOCALOID,IA -ARIA ON THE PLANETES-",現実的論理主義者,IA
BV1tu411U7g5,1,【GUMI&amp;IA】群青，但是术力口,"IA,翻唱,调教,V家,群青,YOASOBI,2022新年音乐大作战,VOCALOID,GUMI,虚拟歌姬","群青,但是术力口",GUMI&amp;IA
BV1Vp4y1i7Y5,1,"【IA OFFICIAL】My Soul, Your Beats! ｜IA 试着唱了","イア,Your Beats!,伊爱,Vocaloid,试着唱了,LIA,IA,歌ってみた,IA OFFICIAL,翻唱,My Soul","My Soul, Your Beats! |IA 试着唱了",IA OFFICIAL
BV1rxNnz9EYz,1,六兆年と野花香物语（音量注意⚠️）,"鬼畜星探企划第二十二期,IA,VOCALOID,jiafei,UTAU,野花香,鬼畜星探企划,调音,六兆年零一夜物语,术力口,音乐,二次元",六兆年と野花香物语(音量注意⚠️),IA
BV1FR4y1u7dr,1,【IA】ナミダ 【IA十周年企划】,"VOCALOID,全能音乐挑战赛,IA,ナミダ,2022新年音乐大作战,MARETU,VOCALOID·UTAU,翻调",ナミダ,IA
BV1FJ411j7yB,1,[ONE+IA(V)]CITRUS[sm25950409],"可不,CeVIO,百万传说,IA,星界,ONE,KAFU",[ONE+IA(V)]CITRUS,IA
BV1pX4y1K7M9,1,【IA OFFICIAL】Conqueror-DANTZ Remix（MV）,"MV,VOCALOID,专辑,自制,pray for real,REMIX,1st place,IA,CeVIO",Conqueror-DANTZ Remix(MV),IA OFFICIAL
BV1Yx411T7Zr,1,【洛天依×言和×IA】,"IA小天使,中文版,洛天依,中文曲,鸟之诗,洛神,VOCALOID中文曲,言和",【洛天依×言和×IA】,IA
BV1Yx411T7Zr,2,【洛天依×IA】,"IA小天使,中文版,洛天依,中文曲,鸟之诗,洛神,VOCALOID中文曲,言和",【洛天依×IA】,IA
BV1oo4y1b7z1,1,【IA/描改手书】强风大背头（強風オールバック）,"虚拟之声创作计划·2023第一期,描改手书,音乐,IA,VOCALOID,虚拟之声创作计划,強風オールバック,IA小天使,VOCALOID·UTAU,强风大背头,手书",强风大背头(強風オールバック),IA/描改手书
BV18o9XBYEcK,1,踊れオーケストラ 翻唱,"踊れオーケストラ,康寛,YASUHIRO,日语翻唱,IA,COVER,清唱,日语,翻唱,VOCALOID",踊れオーケストラ 翻唱,IA
BV1C4RmBrEHy,1,唱一唱柏拉图式爱情,"翻唱总动员,プラトニック・ラヴ,柏拉图式爱情,日语翻唱,IA",唱一唱柏拉图式爱情,IA
BV1M7dGBREDo,1,【猫村いろは·重音テト·宮舞モカ·IA·花響琴】ビターチョコデコレーション,"花響琴,宮舞モカ,虚拟歌手分享官,PJSK,Project SEKAI,IA,猫村いろは,鏡音リン",ビターチョコデコレーション,IA
BV1hjRbBiEwd,1,【IA】孑然炉火,"术力口（ ボカロ）,IA,孑然炉火,COVER,VOCALOID",孑然炉火,IA
BV1HbRiBrExd,1,“来吧，亲爱的月光，和我共赴群星。”——IA,"结月缘,画师热点情报站,IA小天使OFFICIAL,IA,术力口,兔羽,虚拟歌姬,绘画过程,VOCALOID","“来吧,亲爱的月光,和我共赴群星。”——IA",IA
BV1cCoFBVEx8,7,07 アイビス (feat. IA) - ばらっげ,"Vocaloid Trance,結月ゆかり,小春六花,IA,VOCALOID,初音ミク,Mac音奈奈,RJT Music",07 アイビス ( - ばらっげ,IA
BV1owddB9E37,1,狂喜乱舞｜巡音ルカ、初音ミク、GUMI、IA及镜音リン[Ai Cover],"IA,日系,COVER,歌姬,GUMI,日本,翻唱,VOCALOID,巡音ルカ,初音ミク",狂喜乱舞|巡音ルカ、初音ミク、GUMI、IA及镜音リン,IA
BV1VgDmBUEiW,1,我们是垃圾分类队！/feat.IA/MIKU,"IA,我们是垃圾分类队,术力口,翻调,虚拟歌姬,日语,音乐,VOCALOID,初音ミク",我们是垃圾分类队!,IA
BV1vUDfBHEhh,1,[Full Album][ボカロ] Pardalote - ON PRISM RECORDS\44.1khz 16bit,"Trance,IA,日系,ボカロ,电音,初音未来,VOCALOID,初音ミク",[Full Album][ボカロ] Pardalote - ON PRISM RECORDS\44.1khz 16bit,IA
BV1V2DFBUE9q,1,早稻叽 - 夏令时记录,"vup,早稻叽,虚拟up主,虚拟YOUTUBER,サマータイムレコード,IA,翻唱",早稻叽 - 夏令时记录,IA
BV1LLSoBVENe,1,心做し/ feat.IA,"IAv6,心做し,IA,音乐,VOCALOID,蝶p,术力口,翻调",心做し,IA
BV15t9gBpEPF,1,switch歌姬计划 伊甸计划模组+x曲包(ロストワンの号哭IA版),"ロストワンの号哭,IA,歌姬计划,VOCALOID,初音ミク,switch",switch歌姬计划 伊甸计划模组+x曲包(ロストワンの号哭IA版),IA
BV1RD93BxE9n,1,八十八鍵の宇宙 - Orangestar/IA，记录老师电吉他即兴，翻弹日常，KPS内录，Kiesel电吉他,"生活记录,即兴,记录,初音未来,电吉他","八十八鍵の宇宙 - Orangestar/IA,记录老师电吉他即兴,翻弹日常,KPS内录,Kiesel电吉他",IA
BV12Q9ZB3EnJ,1,真夏と少年の天ノ川戦争-Orangestar/IA，热心市民C先生演奏,"COVER,翻弹,Orangestar/IA,吉他,真夏と少年の天ノ川戦争,电吉他教学,电吉他","真夏と少年の天ノ川戦争-Orangestar/IA,热心市民C先生演奏",IA
BV1r1omBjEq5,1,アイフィールソウサッド (feat. IA) ぐちり,崩铁,アイフィールソウサッド ( ぐちり,IA
BV1jFd9BEEPa,1,キャンディマイクで踊って,"q32D9W8wPl8,すなお,IA,VOCALOID",キャンディマイクで踊って,IA
BV1VKd9B5E7J,1,いちごパーティに集中,"IA,VOCALOID,wMnXqLjvb_c,すなお",いちごパーティに集中,IA
BV1ecQPBfEMu,1,suibiantantan#334 梅とら/VOCALOID 疑心暗鬼,"翻唱总动员,必剪创作,IA,独奏,吉他,GUMI,镜音リン,初音未来,VOCALOID,巡音ルカ",suibiantantan#334 梅とら/VOCALOID 疑心暗鬼,IA
BV1QgDeB3EJu,1,Thermally Broken Memories / IA,"vocaloid,IA,原创曲,音乐",Thermally Broken Memories / IA,IA
BV1KRDTB4EGw,1,オカルティックセンス,"IA,オカルティックセンス,gaburyu,文字PV,映像",オカルティックセンス,IA
BV1F7DABKEfL,1,SQ Taishi - Liberator,"IA,Taishi",SQ Taishi - Liberator,IA
BV1thDQBDEBf,1,アスノヨゾラ哨戒班-Afteglow、IA （原作者Orangestar）串连（燃起来吧！邦邦人！）,"音乐游戏,二次元,音乐,BanGDream!",アスノヨゾラ哨戒班-Afteglow、IA (原作者Orangestar)串连(燃起来吧!邦邦人!),IA
BV1Ns41127fn,1,【IA】八重樱,"崩坏学园2,八重樱,IA",八重樱,IA
BV1Nh4y1u74f,1,【IA &amp; flower】少女A,"IA,VOCALOID,少女A,flower,v flower",少女A,IA &amp; flower
BV1Tq4y1d75m,1,六兆年と一夜物語 (六兆年零一夜物语)-（中日字幕）,"IA,VOCALOID,60帧,虚拟歌手,转载",六兆年と一夜物語 (六兆年零一夜物语)-(中日字幕),IA
BV1NU4y1x7zj,1,【镜音Len&amp;IA&amp;镜音Rin】圣少年游戏,"镜音Len,镜音双子,镜音Rin,Valkyrie,VOCALOID,偶像梦幻祭,自制,IA",圣少年游戏,IA
BV1AdFTeUEpK,1,拝啓、10年前の私達へ。/feat.IA,"IA,透。",拝啓、10年前の私達へ。,IA
BV1rs411Z74j,1,【IA】東京Real World,"VOCALOID,东京リアルワールド,OUT OF SURVICE,肚子空空,IA",東京Real World,IA
BV19x411T7wZ,1,【GUMI×IA】太阳和月亮的圆舞曲,"GUMI,太もも大好き変态P,VOCALOID→VOCALOIDカバー,太阳と月のロンド,新学期P,IA,SM18814568,VOCALOID",太阳和月亮的圆舞曲,GUMI×IA
BV1Gq4y1b78c,1,IA - HORIZON,"iidx,2022新年音乐大作战,CeVIO AI,新年音乐大作战,打卡挑战,IA,Lia,kors k",IA - HORIZON,IA
BV13tfjBLEcj,1,近期最喜欢的一首术曲，好爽，好洗脑！  ノウナイディスコ(脑内disco)  r-906/IA,"电台新星征集令,术曲","近期最喜欢的一首术曲,好爽,好洗脑! ノウナイディスコ(脑内disco) r-906/IA",IA
BV1BQ4y1k7K4,1,六兆年と一夜物語+アスノヨゾラ哨戒班－（中文字幕）,"IA,VOCALOID,转载,虚拟歌手",六兆年と一夜物語+アスノヨゾラ哨戒班-(中文字幕),IA
BV1Bm4y1p7Sz,1,IA「星見の唄 / r-906」MV (IA 11th Anniversary Song),"CeVIO,IA11th,VOCALOID,星見の唄,CeVIOAI,r906,IA,日语MV,2023虚拟歌手创作赛,IA 11th Anniversary",IA「星見の唄 / r-906」MV,IA
BV12b41157xg,1,世界首张采用AI歌声合成作为主唱的CD「Sing truly」发行，歌曲「いつかかならず」试听,"IA,CeVIO,佐藤莎莎拉","世界首张采用AI歌声合成作为主唱的CD「Sing truly」发行,歌曲「いつかかならず」试听",IA
BV1Q7411z7Fn,1,【IA 8th&amp; ONE 5th周年曲】Diamond Days ~そして未来へ~ (Full ver.),"MV,ONE,伊爱,IA小天使OFFICIAL,Vocaloid,IA OFFICIAL,IA,音乐现场,Diamond Days ~そして未来へ,CeVIO",Diamond Days ~そして未来へ~ (Full ver.),IA 8th&amp; ONE 5th周年曲
BV1ks411o7F6,1,【IA】古风千本樱,"IA,VOCALOID,古风,千本樱",古风千本樱,IA
BV1Yx411w7vX,1,【中文IA】那个让你中毒的天朝神曲,"葫芦娃,VOCALOID,IA,神曲,中文IA",那个让你中毒的天朝神曲,IA
BV1ys411v7Kb,1,2016.6.30 IA,"gal,IA,galgame,花儿不哭,魔导巧壳PV,VY1V4,魔导巧壳,魔导巧殻,VY1V3,VY1,VOCALOID",2016.6.30 IA,IA
BV1Nt411L75n,1,【IA日翻】《勇气·前进》（《羊村守护者》OP《勇敢向前》日语版）,"日语翻唱,勇敢向前,喜羊羊与灰太狼,羊村守护者,IA",《勇气·前进》(《羊村守护者》OP《勇敢向前》日语版),IA日翻
BV1MQBCYrE4Z,1,【IA】 Iaughtrack / Vane × CircusP,"VANE LILY,CIRCUS-P,VOCALOID,IA",Iaughtrack / Vane × CircusP,IA
BV1JM4y1E7iP,1,不要死什么的说不出口｜死なないでなんて言えない/ 故歌 feat.IA,"日语,世界で一番幸せな死に方,IA,故歌,VOCALOID",不要死什么的说不出口|死なないでなんて言えない/ 故歌,IA
BV1tY4y1a76K,1,バズハラ / IA[CeVIO AI] by emon(Tes.),"emon(Tes.),原创歌曲,IA,自制",バズハラ / IA[CeVIO AI] by emon(Tes.),IA
BV13x41177Z8,1,Overdose（EXO）-IA、初音、巡音、镜音双子、Kaito、Meiko、Piko、Gumi、Vflower,"开口跪,巡音LUKA,IA,EXO,神曲,翻唱,miku,镜音双子,VOCALOID,KAITO",Overdose(EXO)-IA、初音、巡音、镜音双子、Kaito、Meiko、Piko、Gumi、Vflower,IA
BV1bx411w7Jf,1,【IA】ライア,"IA,VOCALOID",ライア,IA
BV1ks411d7kH,1,【IA】女孩再见，有缘再会吧,"引退ではない,石风吕,IA","女孩再见,有缘再会吧",IA
BV1Lo4y1Q7jg,1,【IA OFFICIAL】ARIAers TV (July)来听HIPPI给大家的留言！IA&amp;ONE快问快答50问！,"IA小天使,虚拟偶像,2021虚拟歌手创作赛·调校赛道,IA,HIPPI,虚拟up主,V家,Vocaloid,VTUBER",ARIAers TV (July)来听HIPPI给大家的留言!IA&amp;ONE快问快答50问!,IA OFFICIAL
BV1TF411s7je,1,ユラ / feat.初音ミク ＆ IA,"初音MIKU,初音,自制,MIKU",ユラ / & IA,IA
BV1es411o7JE,1,中文字幕 MIKU·GUMI·IA《Poker Face》嗯？看我偷偷卖个萌~,"初音MIKU,VOCALOID,IA,全程卖萌,中文字幕,GUMI",中文字幕 MIKU·GUMI·IA《Poker Face》嗯?看我偷偷卖个萌~,IA
BV1v54y147xn,1,【IA】LOUDER,"BangDream,IA,翻唱,Roselia",LOUDER,IA
BV1Gt411K7zH,1,为爱疯狂(愛に狂う) / たべっこ feat.初音ミク&amp;IA (Music Video),"IA,はなけん,VOCAROCK,たべっこ,日本,初音MIKU,rayn,しとお",为爱疯狂(愛に狂う) / たべっこ (Music Video),IA
BV1Ms411i7wA,1,[IA] 六兆年的一夜物语,"IA,六兆年と一夜物语,演唱会现场版",[IA] 六兆年的一夜物语,IA
BV1Gx411U7S9,1,Guiano - レイニー (feat.IA),"VOCALOID,GUIANO,IA",Guiano - レイニー (,IA
BV1yd4y1S7Z2,1,【IA】One Last Kiss,"虚拟歌手,日语,日文翻唱,伊爱,IA,EVA,VOCALOID,One Last Kiss,新世纪福音战士",One Last Kiss,IA
BV1cs411f7ju,1,【綿飴/feat.IA】钢铁之鸟,"乙ちび,反战,HAZFIRST,绵饴,VOCALOID,IA,钢铁ノ鸟,季节P",钢铁之鸟,IA
BV1yK41137bk,1,【IA OFFICIAL】pray for real新专全曲试听 | IA (高清PV),"1st place,IA,V家,日语,PV",pray for real新专全曲试听 | IA (高清PV),IA OFFICIAL
BV1EFSDBFEHk,1,「のにのに」feat.IA,"搞笑,日本,VOCALOID,のにのに,YouTube,ボカロ",「のにのに」feat.IA,IA
BV1tR4y1V7hg,1,加害者/feat.IA,"MIKU,VOCALOIDCHINA,自制,初音,歌曲,初音MIKU",加害者,IA
BV1fZ4y1P7gF,1,【IA OFFICIAL】IA五周年&amp;ONE二周年舞台表演 AR Live Showcase,"演唱会,AR演唱会,IA OFFICIAL,イア,IA,オネ,ONE",IA五周年&amp;ONE二周年舞台表演 AR Live Showcase,IA OFFICIAL
BV1ex411w7dp,1,油库里演唱六兆年と一夜物語,"VOCALOID,油库里,ゆっくり,UTAU,IA",油库里演唱六兆年と一夜物語,IA
BV1Mp4y1x76Q,1,【IA OFFICIAL】ARIA STATION  IA&amp;ONE 新・自我介绍,"日语,1st place,VOCALOID,ONE,IA,ARIASTATION,CeVIO",ARIA STATION IA&amp;ONE 新・自我介绍,IA OFFICIAL
BV1bx411w7YM,1,"【IA×Lia】 My Soul, Your Beats!",VOCALOID,"My Soul, Your Beats!",IA×Lia
BV1vs411f7xw,1,【IA】夕景yesterday 中文字幕版（Vmoe字幕組）,"IA,JIN,夕景イエスタデイ,目隐都市的演绎者,夕景YESTERDAY,VOCALOID,VMOE字幕组",夕景yesterday 中文字幕版(Vmoe字幕組),IA
BV1io4y1N7Ph,1,【CeVIO IA English】(K)NoW_NAME (ノウネイム) - Danse Dance,"1st Place,虚拟之声创作计划·2023第二期,IA,CeVIO AI,虚拟歌手,VOCALOID,AI虚拟之声实验室",(K)NoW_NAME (ノウネイム) - Danse Dance,IA
BV1VW4y1h7m6,1,空白 / feat.初音ミク＆IA,"IA,初音MIKU,MIKU,初音",空白,IA
BV13s411d7Cz,1,【IA Project】IA伦敦3D演唱会预览- PARTY A GO GO-,IA,IA伦敦3D演唱会预览- PARTY A GO GO,IA Project
BV1Gt411i7M2,1,非生産的人生計画 / ぐちり feat.IA,"音乐,IA,VOCALOID",非生産的人生計画 / ぐちり,IA
BV1m5411G7YK,1,【初音ミク×IA ROCKS】ロックな君とはお別れだ/和摇滚的你说拜拜（cover：ツユ）,"VOCALOID,ツユ,初音未来,翻唱,ロックな君とはお別れだ,IA",ロックな君とはお別れだ/和摇滚的你说拜拜(cover:ツユ),初音ミク×IA ROCKS
BV14rZVYvExA,1,【IA】野蜂飞舞,"VOCALOID,CeVIO AI,イア",野蜂飞舞,IA
BV1azmuBeEZz,1,【IA原创】46億年の手紙 / 46亿年的信 - Canaxi,"IA,VOCALOID,原创音乐",46億年の手紙 / 46亿年的信 - Canaxi,IA原创
BV1ib411b7hT,1,【IA】　Conqueror　【ARIA Live Music Video】,"IA,VOCALOID",Conqueror,IA
BV1JA41147hw,1,【IA OFFICIAL】pray for real | IA (高清PV),"PV,1st place,V家,IA,日语",pray for real | IA (高清PV),IA OFFICIAL
BV1JU4y1d7eu,1,次へ / feat.初音ミク＆IA,"MIKU,单曲,初音MIKU,歌曲,初音,自制",次へ,IA
BV13D4y1k7M3,1,[1000期纪念]因为生活在薄暮中（同人PV）,"同人,术力口,PV,初音miku,雨中漫步,IA,VOCALOID,夏,生活",[1000期纪念]因为生活在薄暮中(同人PV),IA
BV1Ft41177Ry,1,【IA OFFICIAL】Into Starlight｜IA&amp;ONE 【IA&amp;ONE---AR演唱会!】,"ONE,IA,Into Starlight,OИE,演唱会,CeVIO,IA小天使OFFICIAL,恩奈,イア,伊爱,Vocaloid",Into Starlight|IA&amp;ONE,IA OFFICIAL
BV1Ug41167Ab,1,「虚無しばい」/初投稿/IA/初音ミク,"术力口,西行寺料理長,VOCALOID,初音ミク,新人,IA",「虚無しばい」/初投稿/IA/初音ミク,IA
BV1bx411w7qf,1,鳥の詩(Ver.IA) full ver. 製品版デモ VOCALOID3,"VOCALOID,VER.IA,鸟の诗,制品版デモ",鳥の詩(Ver.IA) full ver. 製品版デモ VOCALOID3,IA
BV1Hc411d7pN,1,【IA】Happy Halloween 2023,"IA,Happy Halloween,万圣节,VOCALOID",Happy Halloween 2023,IA
BV1bU4y1b7wk,1,春を告げる-IA,"yama,电音,VOCALOID,翻唱,全能音乐挑战赛,COVER,MV,开口脆,IA,猫耳",春を告げる,IA
BV1bU4y1b7wk,2,春を告げる-IA 试听,"yama,电音,VOCALOID,翻唱,全能音乐挑战赛,COVER,MV,开口脆,IA,猫耳",春を告げる-IA 试听,IA
BV1rv411k7XL,1,nogumi - 思い出の中に消えていく日々を feat.IA,"自制,nogumi,日语,IA",nogumi - 思い出の中に消えていく日々を,IA
BV1Us411A7rX,1,防弹少年团 - Fake Love (Vocaloid Cover),"鏡音レン,初音ミク,IA,VOCALOID,ZOLA＿PROJECT_KYO,ShadowDragonP,歌手音ピコ,VY2,KAITO,防弹少年团",防弹少年团 - Fake Love (Vocaloid Cover),IA
BV1kykAYZEt7,1,ウォーターマーク (IA) / Watermark (IA),"IA,术力口,gaburyu,ボカロ,メイドサントウィッチ,VOCALOID",ウォーターマーク (IA) / Watermark (IA),IA
BV11P4y1x7qR,1,魔法,"自制,ia",魔法,IA
BV1aT421U7BN,1,《きくおミク2》——Kikuo(feat. 初音ミク、IA、兎眠りおん),"Kikuo,兎眠りおん,艺术流行,VOCALOID,IA,电子流行,初音ミク,专辑",《きくおミク2》——Kikuo(,IA
BV1ZU4y1x7FE,1,【IA OFFICIAL】ARIA -IA MUSICAL &amp; LIVE SHOW-（Blu-ray精彩片段）,"VOCALOID,CeVIO,1st place,IA,Blu-ray,日语现场,ONE,现场,LIVE,片段",ARIA -IA MUSICAL &amp; LIVE SHOW-(Blu-ray精彩片段),IA OFFICIAL
BV1oW411W7P3,1,【初音ミク・flower・GUMI・音街ウナ・IA】前行吧★人生行进曲,"進め★JINSEI行進曲,GUMI,100回嘔吐,音街ウナ,初音ミク,flower,VOCALOID,IA",前行吧★人生行进曲,初音ミク・flower・GUMI・音街ウナ・IA
BV1TSBTYTEUC,1,裂傷/feat.IA,"IA,VOCALOID",裂傷,IA
BV1f441197Cn,1,【IA OFFICIAL】We gotta run | IA (高清PV),"Vocaloid,IA小天使OFFICIAL,IA,伊爱,MV,IA OFFICIAL,SUPER GT,We gotta run",We gotta run | IA (高清PV),IA OFFICIAL
BV1n7411a7P2,1,【IA×GUMI】Bad Apple -你绝对不相信这是歌姬（草）_bilibili,"IA,GUMI,V家,新人,日文翻唱,VOCALOID,BADAPPLE,东方PROJECT,不出门音乐挑战,烂苹果,坏苹果",Bad Apple -你绝对不相信这是歌姬(草)_bilibili,IA×GUMI
BV1Wx411T7NH,1,【IA】恋爱裁判,"40MP,IA,恋爱裁判,VOCALOID,翻唱,SELIO,カバー",恋爱裁判,IA
BV1ft411L7S8,1,【IA OFFICIAL】Reload ～AR演唱会ver～｜IA &amp; ONE,"伊爱,Vocaloid,IA,ONE,OИE,IA小天使OFFICIAL,恩奈,AR演唱会,CeVIO,Reload",Reload ~AR演唱会ver~|IA &amp; ONE,IA OFFICIAL
BV11E411y7DE,1,チョコレートロマンス / IA アニメMV,"VOCALOID,IA,チョコレートロマンス,yamada",チョコレートロマンス / IA アニメMV,IA
BV1Ls411Z738,1,【IA】LET IT GO日文版（原声源cover）,"声音软,VOCALOID,IA,冰雪奇缘,开口跪,LET IT GO,良调教",LET IT GO日文版(原声源cover),IA
BV1Xs411U7Qx,1,【IA】堕天之恋（「女王蜂的王房」輝夜編 主題歌）,"RITA,VOCALOID,COVER,女王蜂の王房,IA",堕天之恋(「女王蜂的王房」輝夜編 主題歌),IA
BV183m1BbEE1,1,【虚拟歌手IA VOCALOID 6】IA :[R]　-ARIA ON THE PLANETES-,"VOCALOID6,IA V6,IA,虚拟歌手,VOCALOID",IA :[R] -ARIA ON THE PLANETES,IA
BV1em4y1J7D3,1,【emon(Tes.) / IA[CeVIO AI]】 バズハラ,"emon(Tes.),MV,VOCALOID,IA,2023虚拟歌手创作赛,虚拟歌手分享官,CeVIO,1st place,高清MV,VOCALOID・UTAU,CeVIO AI",バズハラ,IA
BV1WgBVBqEao,1,【IA】I Can&#x27;t Wait,"CeVIO AI,IA,VOCALOID",I Can&#x27;t Wait,IA
BV1m7411e72x,1,【GUMI·IA】Gimme×Gimme（Cover：八王子P/Giga/初音ミク/鏡音リン）,"全能打卡挑战,Giga,Megpoid,八王子P,Gimme×Gimme,GUMI,IA",Gimme×Gimme(Cover:八王子P/Giga/初音ミク/鏡音リン),GUMI·IA
BV1jT421q74X,1,《きくおミク4》——Kikuo(feat. 初音ミク、IA),"初音ミク,艺术流行,VOCALOID,Kikuo,爵士流行,专辑,IA",《きくおミク4》——Kikuo(,IA
BV1gZ4y1L7GE,1,IA,"茜色フッテージ,VOCALOID,亜沙,IA,りゅうせー",IA,IA
BV1RW41157h6,3,IAオリジナル曲 『DIETRICH』_sm31754157,"Lily,初音ミク,IA,MAYU,MYLIST复制系列,sele,vocaloid,GUMI,miki",IAオリジナル曲 『DIETRICH』_sm31754157,IA
BV1RW41157h6,4,IAオリジナル曲　『Ref-Rain』_sm16805471,"Lily,初音ミク,IA,MAYU,MYLIST复制系列,sele,vocaloid,GUMI,miki",IAオリジナル曲 『Ref-Rain』_sm16805471,IA
BV1RW41157h6,45,IAオリジナル曲　『CARLA』_sm17429124,"Lily,初音ミク,IA,MAYU,MYLIST复制系列,sele,vocaloid,GUMI,miki",IAオリジナル曲 『CARLA』_sm17429124,IA
BV1RW41157h6,49,IAオリジナル曲 『Re;BIRTH』_sm18185556,"Lily,初音ミク,IA,MAYU,MYLIST复制系列,sele,vocaloid,GUMI,miki",IAオリジナル曲 『Re;BIRTH』_sm18185556,IA
BV1RW41157h6,50,"IAオリジナル曲 『Kill me,Queen』_sm19169157","Lily,初音ミク,IA,MAYU,MYLIST复制系列,sele,vocaloid,GUMI,miki","IAオリジナル曲 『Kill me,Queen』_sm19169157",IA
BV1RW41157h6,52,IAオリジナル曲 『Bright Snow』_sm19738339,"Lily,初音ミク,IA,MAYU,MYLIST复制系列,sele,vocaloid,GUMI,miki",IAオリジナル曲 『Bright Snow』_sm19738339,IA
BV1RW41157h6,57,IAオリジナル曲 『TIELLI』 【IA ROCKS】_sm24162362,"Lily,初音ミク,IA,MAYU,MYLIST复制系列,sele,vocaloid,GUMI,miki",IAオリジナル曲 『TIELLI』 _sm24162362,IA ROCKS
BV1RW41157h6,58,IAオリジナル曲 『Snow Marriage』_sm25185737,"Lily,初音ミク,IA,MAYU,MYLIST复制系列,sele,vocaloid,GUMI,miki",IAオリジナル曲 『Snow Marriage』_sm25185737,IA
BV1RW41157h6,63,IAオリジナル曲 『ReLief』_sm28514466,"Lily,初音ミク,IA,MAYU,MYLIST复制系列,sele,vocaloid,GUMI,miki",IAオリジナル曲 『ReLief』_sm28514466,IA
BV1RW41157h6,64,IAオリジナル曲 『Re;2』_sm28549943,"Lily,初音ミク,IA,MAYU,MYLIST复制系列,sele,vocaloid,GUMI,miki",IAオリジナル曲 『Re;2』_sm28549943,IA
BV1RW41157h6,65,IAオリジナル曲 『Farewell』_sm30299665,"Lily,初音ミク,IA,MAYU,MYLIST复制系列,sele,vocaloid,GUMI,miki",IAオリジナル曲 『Farewell』_sm30299665,IA
BV1Bb4y1D7KU,1,緋彩/feat.IA,"日语,IA",緋彩,IA
BV1PXSJBpE9z,1,兄妹　/ 丹頂 feat. IA,"VOCALOID,兄妹,sm45674696,丹頂,IA",兄妹 / 丹頂,IA
BV1UjSjBJEov,1,【IA】Marshall Maximizer,"IA,虚拟歌手,VOCALOID,日语,MV,イア,CeVIO AI,日本",Marshall Maximizer,IA
BV1N9UBBrEZP,1,【IAx重音テトSVxkokone】ひかりふる（Cover. Kalafina）,"IA,虚拟偶像,重音テト,kokone,COVER",ひかりふる(Cover. Kalafina),IAx重音テトSVxkokone
BV1pLUsBFEws,1,OИE试着唱了我的B站ID,"ONE,IA,OИE",OИE试着唱了我的B站ID,IA
BV185kUBxEX9,1,（遺失媒體）【IA】 straightway,"遺失媒體,HellTracks,VOCALOID,トシユキタカミ,IA,helltrack",(遺失媒體) straightway,IA
BV1bNkkBME6F,1,【IA】腐于权势/ROT FOR CLOUT,"イア,CeVIO AI,VOCALOID,虚拟歌手,IA",腐于权势/ROT FOR CLOUT,IA
BV1Dd1WBwEit,1,【IA】不埒な喝采\荒谬的喝彩,"CeVIO AI,IA,日语MV,虚拟歌手,日语,イア",不埒な喝采\荒谬的喝彩,IA
BV1u1W1zXE8g,1,IA＆がくっぽいどORIGINAL「死が分かつその日まで」,"VOCALOID,IA,ORIGINAL,がくっぽいど",IA&がくっぽいどORIGINAL,IA
BV13KsczvEHf,1,The Same Tomorrow (feat. IA)[Rock Version],"Cevio,IA,Flanger Moose,The Same Tomorrow",The Same Tomorrow ( Version],IA
BV1XAscziEeu,1,The Same Tomorrow (feat. IA)[Human/Vocal Synth duet],"The Same Tomorrow,Cevio,IA,Flanger Moose",The Same Tomorrow ( Synth duet],IA
BV1u3sczwE9b,1,『KAITO IA』偽物人間40号（vocaloid cover）,"伪物人间40号,Kaito,IA,VOCALOID,COVER",『KAITO IA』偽物人間40号(vocaloid cover),IA
BV1EQ42zEELz,1,尘梦再会（feat.初音ミク&amp;IA),"Trance,VOCALOID,初音ミク,IA",尘梦再会(,IA
BV1RCW7zJEFP,1,「IA」寒蝉鸣泣之时「you」(雪野五月Ver.),"寒蝉鸣泣之时,虚拟歌手,IA,you,ひぐらしのなく頃に",「IA」寒蝉鸣泣之时「you」(雪野五月Ver.),IA
BV1AmWEzqEMm,2,IA,"IA,野々村竜太郎,VOCALOID,初音ミク,TALKLOID,野野村龙太郎,野々村議員を～で弾いてみたシリーズ,トークロイド",IA,IA
BV1FNWvzgEHa,1,唱歌的时候忘词了怎么办,"IA,希腊奶希腊奶希腊奶,这个好像什么都可以写耶,ボカロ,VOCALOID,六兆年と一夜物語",唱歌的时候忘词了怎么办,IA
BV1fE4TzqEQ5,2,IA独唱,"IA,OИE",IA独唱,IA
BV1ZV4xzXEn1,1,【IA AI2.0】歌に形はないけれど（Cover. doriko）,"IA,CEVIO,CEVIO AI",歌に形はないけれど(Cover. doriko),IA AI2.0
BV1Hw4Hz1EWh,1,【 IA】レギュラーマン\反常规者,"VOCALOID,ボカロ,イア,IA,CeVIO AI",レギュラーマン\反常规者,IA
BV1BZx9zYEm4,1,【IA】刚好遇见你,"VOCALOID,イア,日语翻唱,CeVIO AI,IA",刚好遇见你,IA
BV1KKxWzoErW,1,【IA CeVIO】明明曾爱着你,"CeVIO AI,あいしていたのに,IA,イア,VOCALOID",明明曾爱着你,IA CeVIO
BV1Cx41157ZX,1,ホイジャラネ / IA,"VOCALOID原创曲,vocaloid,ホイジャラネ,IA,VOCALOIDオリジナル,jon",ホイジャラネ / IA,IA
BV11x411K7Ak,1,【IA】Euthanasia,"VOCALOID,IA_-ARIA_ON_THE_PLANETES-,REGULUS,ボカロバラード,IAオリジナル曲",Euthanasia,IA
BV1gW411L7ft,1,【IA】太陽之下,"VOCALOID新曲リンク,IAオリジナル曲,VOCALOID",太陽之下,IA
BV1zs411Z7aD,1,【IA】 向流星许下心愿,"VOCALOID,YKSB,IA_-ARIA_ON_THE_PLANETES-,ミクノポップ,IAオリジナル曲,星のうた",向流星许下心愿,IA
BV1ks411Z7e2,1,【IA】銀河,"VOCALOID,VOCALOID;IA;オリジナル曲",銀河,IA
BV1Ex411T7jT,1,【IA×GUMI】 排他的ruler,"相性大好,GUMI,良曲,IA,塩分P,原创曲,VOCALOID,オリジナル曲,两只小天使",排他的ruler,IA×GUMI
BV1Gx411c7pn,1,【IA】午前4点,"良曲埋没系列,IA(VOCALOID),VOCALOID,IAオリジナル曲,神调教",午前4点,IA
BV1Hx411N7XA,1,【IA×GUMI】逃·出·去,"オリジナル百合曲PV,みーすけ,逃 が し て,IA,VOCALOID,VOCALOID百合曲,GUMI",逃·出·去,IA×GUMI
BV1zx411w78e,1,【IA】STAR RIDER,"IA_-ARIA_ON_TH,VOCALOID,SM17377445,IAオリジナル曲,イママP",STAR RIDER,IA
BV1Hs411o7Q3,1,【KAITO&amp;IA】前夜祭的篝火,"IAオリジナル曲,前夜祭,KAITOオリジナル曲,VOCALOID,MAYUKO,KAITO",前夜祭的篝火,IA
BV1is411f74r,1,【IA】泡沫,"VOCALOID,REGULUS,泡沫(REGUL,IAオリジナル曲,IA_-ARIA_ON_THE_PLANETES-",泡沫,IA
BV1cx411F7zg,1,【IA 重音】你什麼的最好了,"原创曲,IA,UTAU,VOCALOID,重音TETO,オリジナル",你什麼的最好了,IA 重音
BV1ms411Z7fp,1,【KAITO·IA】花朵与你与约定,"IAオリジナル曲,KAITOオリジナル曲,KAITO_V3,VOCALOID",花朵与你与约定,IA
BV1Zs411Z7cn,1,【IA】 R.I.V.,"VO,遥风启司,VOCAROCK,VOCALOID,IAオリジナル曲,IA_-ARIA_ON_THE_PLANETES-",R.I.V.,IA
BV1Ys411Z716,1,【IA】deep penetration,"IA,被埋没的良曲,VOCALOID,オリジナルMV,MINT*",deep penetration,IA
BV14P411A7Zx,1,案内屋さん,"結月ゆかり,VOCALOIDオリジナル曲,vy1,vflower,IA,初音ミク,v_flower,vy2,界隈曲,VOCALOID",案内屋さん,IA
BV157411Y7Wm,1,水槽とパレット / IA,"IA_-ARIA_ON_THE_PLAN,VOCALOIDオリジナル曲,IAオリジナル曲,VOCALOID,ハチナナ",水槽とパレット / IA,IA
BV15x411c7ui,1,【IA】One side game,"VOCALOID;IA;オリジナル曲,VOCALOID",One side game,IA
BV1xz411b72U,1,深天 / IA,"VOCALOID,ia_-aria_on_the_plan,iaオリジナル曲,クロウサギ,vocaloid新曲リンク,vocaloidオリジナル曲",深天 / IA,IA
BV1kx411T7gj,1,【IA】罐装咖啡回家的路,"原创曲,IA,良曲,オリジナル,VOCALOID,缶コーヒーと帰り道",罐装咖啡回家的路,IA
BV1ps411f7pi,1,【IA】 遇见星星,"VOCALOID,星逢い,原创曲,144EXP,IA,オリジナル,DAIKI OGAWA",遇见星星,IA
BV13s411f7Wx,1,【IA】good morning,"腐死鸟,VOCALOID,IA,原创曲,オリジナル曲",good morning,IA
BV1xs411f7Z4,1,【IA】My Dear,"IA,VOCALOID,ゆらり,海桜あめ,IAオリジナル曲",My Dear,IA
BV15x411F7E6,1,【IA】Azure Side,"IA_-ARIA_ON_THE_PLANETES-,IAオリジナル曲,AZURE_SIDE,VOCALOID",Azure Side,IA
BV1Js411U7sg,1,【IA（ein）】flower FLOWER,"VOCALOID,葵ヰ月【あお_いつき】,IA,EIN,FLOWER_FLOWER,IAオリジナル曲",flower FLOWER,IA(ein)
BV17s411f76x,1,【KAITO&amp;IA】 蝉時雨,"VOCALOID,KAITOオリジナル曲,IAオリジナル曲",蝉時雨,IA
BV1Ls411f7Jt,1,【IA】爱的士兵,"VOCALOID,IAオリジナル曲,でまぞー,音戏,SHRIMP,IA",爱的士兵,IA
BV1as411f7pA,1,【IA】was my girl,"VOCAJAZZ,IAオリジナル曲,IA,VOCALOID",was my girl,IA
BV1zx411F7dj,1,【IA·蒼姫ラピス·兎眠りおん·初音ミク】 make the world,"ひろ,VOCALOID,兎眠りおん,苍姫ラピス,原创曲,初音MIKU,IA,オリジナル曲",make the world,IA·蒼姫ラピス·兎眠りおん·初音ミク
BV1Ex411c7jp,1,【IA】未来流行世界,"IAオリジナル曲,VOCALOID,IA_-ARIA_ON_THE_PLANETES-,みっ,VOCALOID新曲リンク",未来流行世界,IA
BV1vs411f75E,1,【IA】gleaming sword,"IAオリジナル曲,VOCALOID",gleaming sword,IA
BV1ux411c7ES,1,【IA】 Dice Dance,"VOCALOID,オリジナル曲,原创曲,IA",Dice Dance,IA
BV1vx411w7Rt,1,【IA＋miki】虹の架かる街,"IA_-ARIA_ON_THE_PLANETES-,SM17705819,IAオリジナル曲,VOCALOID,开発コード",虹の架かる街,IA+miki
BV15s411f7wH,1,【IA】８月×日(HIRON),"原创曲,オリジナル曲,IA,VOCALOID,ボカロ,８月×日",8月×日(HIRON),IA
BV1Gx411c7RT,1,IA - 独白,"VOCALOIDオリジナル曲,세시린,VOCALOID,IA,독백",IA - 独白,IA
BV13J4m1772y,1,【重音テト＆IAオリジナル曲】PUZZLE,"IA,重音テト,重音テトSV",PUZZLE,重音テト&IAオリジナル曲
BV1yA411877p,1,アンコールは迫らない / IA,"VOCALOID,VOCALOIDオリジナル曲,IAオリジナル曲,シオミヤ",アンコールは迫らない / IA,IA
BV1hv4y1w7D4,1,ド行／すなめり feat.IA,"IA_-ARIA_ON_THE_PLAN,vocaloid新曲リンク,すなめり,ラーメンタイマー,IAオリジナル曲,VOCALOIDオリジナル曲",ド行/すなめり,IA
BV1XF41147jY,1,ひととき - IA - VOCALOIDオリジナル曲,うめずまこと,ひととき - IA - VOCALOIDオリジナル曲,IA
BV1sq4y1m7sF,1,おすしの歌　VOCALOIDオリジナル曲,"夕凪もぐらちゃん,IA",おすしの歌 VOCALOIDオリジナル曲,IA
BV1Ji4y1Z7RZ,1,【IAオリジナル曲】花想現実 (Original Mix),"ia,VOCALOID",花想現実 (Original Mix),IAオリジナル曲
BV1Xf4y1D7Y8,1,悠遠【IAオリジナル曲】,"IA,Blank Note.",悠遠,IAオリジナル曲
BV117411o7KL,1,Depth Unknown / IA,"IAオリジナル曲,VOCALOID,ia_-aria_on_the_planetes-",Depth Unknown / IA,IA
BV1qE411E7FV,1,メアリーの矜持 / IA,"VOCALOIDオリジナル曲,VOCALOID,ia_aria_on_the_planetes,IAオリジナル曲",メアリーの矜持 / IA,IA
BV1tE411q7D7,1,IAオリジナル曲 『そら』 - ニコニコ動画,IA,IAオリジナル曲 『そら』 - ニコニコ動画,IA
BV1Gb411p7Jk,1,「空っぽに花を挿す」 IA,"IAオリジナル曲,IA_-ARIA_ON_THE_PLANETES-,VOCALOID",「空っぽに花を挿す」 IA,IA
BV1kW411A7Vy,1,【IA 】遠くの光,"Nostalogic,VOCALOID,IA,加賀美 瀧,ボカロオリジナル曲,IAオリジナル曲",遠くの光,IA
BV1KW411U7fg,1,【IA】月の大きさ（火影忍者OP14）,"翻唱,月的大小,Vocaloid,火影忍者,IA",月の大きさ(火影忍者OP14),IA
BV1ks411U7XM,1,【IA】万物生（中文翻唱）,"VOCALOIDカバー曲,VOCALOID,IA,VOCALOID中文曲",万物生(中文翻唱),IA
BV1Pg411G7xN,1,【IA OFFICIAL】 快来听ONE酱CeVIO AI SONG VOICE α版「インフルエンサー」吧！-ARIAers TV (June 2021),"VOCALOID,伊爱,虚拟up主,我的音乐你听吗,IA小天使,翻唱,虚拟偶像,ONE,日本Vtuber,虚拟主播",快来听ONE酱CeVIO AI SONG VOICE α版「インフルエンサー」吧!-ARIAers TV (June 2021),IA OFFICIAL
BV1ts411a7iG,1,【IA】鸟之诗 （中文翻唱）,IA小天使,鸟之诗 (中文翻唱),IA
BV1K84y127jX,1,【IA 胡桃】下个，路口，见,"AI虚拟之声实验室,胡桃,AI,翻唱,二次元,动漫,下个路口见,原神,虚拟之声创作计划·2023第三期","下个,路口,见",IA 胡桃
BV1Ys411X7dv,1,【IA粤语】目隐都市的演绎者ED「days」short.ver,"IA,VOCALOID,目隐都市的演绎者,DAYS,神调教,粤语翻唱,VOCALOID中文曲,IA粤语,粤语",目隐都市的演绎者ED「days」short.ver,IA粤语
BV1zs411k7Zh,1,【初音ミク&amp;IA粤语】超时空要塞△OP粤语版《如果只有一次恋爱》,"IA,粤语,超时空要塞,IA粤语,初音粤语,初音MIKU,VOCALOID中文曲,初音未来,粤语翻唱,初音ミク",超时空要塞△OP粤语版《如果只有一次恋爱》,初音ミク&amp;IA粤语
BV1Es411f7tB,1,【IA翻唱】小小的手心（CLANNAD AS插曲）,"CLANNAD AFTER STORY,CLANNAD,IA,IA_-ARIA_ON_THE_PLANETE,VOCALOID,小小的手心",小小的手心(CLANNAD AS插曲),IA翻唱
BV1Zp4y1x7dB,1,【IA OFFICIAL】ARIAers TV (April 2021) 「试着互相翻唱V家P主的歌!」Part 1,"字幕,IA,ONE,虚拟UP主召集令,VOCALOID,虚拟主播,Vtuber,ARIAer,CeVIO AI,翻唱",ARIAers TV (April 2021) 「试着互相翻唱V家P主的歌!」Part 1,IA OFFICIAL
BV1Gs411B7ho,2,IA ROCKS版,"VOCALOID,IA ROCKS,铁甲城的卡巴内瑞,翻唱,初音ミク,华兰P",IA ROCKS版,IA
BV1MK4y1G7Ep,1,YOSSHAAAAA!!!!!,"IAオリジナル曲,ゆかりオリジナル曲,VOCALOID",YOSSHAAAAA!!!!!,IA
BV1xx411F7NG,1,【Galaco＋IA】Cosmic Cruise,"ギャラ子オリジナル曲,ギャラ子,IA_-ARIA_ON_THE_PLANETES-,IAオリジナル曲,VOCALOID",Cosmic Cruise,IA
