bvid,page,title,author,tags,category,play_count,regex_content_type,regex_is_game,regex_is_cover,regex_rule
BV1ax411w7gM,1,【IA】六兆年と一夜物語【kemu】,Lynn_Campbell_,"KE-SANΒ,VOCALOID3,KEMU,IA,SM17520775,神字,VOCALOID,六兆年と一夜物语",VOCALOID·UTAU,1927007,ia_music,False,False,music_signal
BV1Ns411Z7Ym,21,【IA】キミのことが好きでゴメンナサイ/对不起，我喜欢你【うたたP】,日進月步,"分P狂魔,NEKOBOLO,UP主辛苦,VOCALOID,作业用,作业用BGM,VOCALOID殿堂入り,下载22L,IA",VOCALOID·UTAU,6152,ia_music,False,False,music_signal
BV1Ns411Z7Ym,25,【IA】 影炎≒Variation 【やいり】,日進月步,"分P狂魔,NEKOBOLO,UP主辛苦,VOCALOID,作业用,作业用BGM,VOCALOID殿堂入り,下载22L,IA",VOCALOID·UTAU,6152,ia_music,False,False,music_signal
BV1Ns411Z7Ym,37,【IA】クラウドライダー/駕雲者【田中隼人】,日進月步,"分P狂魔,NEKOBOLO,UP主辛苦,VOCALOID,作业用,作业用BGM,VOCALOID殿堂入り,下载22L,IA",VOCALOID·UTAU,6152,ia_music,False,False,music_signal
BV1Ns411Z7Ym,38,【IA】アメリカ/America【じん（自然の敵P）】,日進月步,"分P狂魔,NEKOBOLO,UP主辛苦,VOCALOID,作业用,作业用BGM,VOCALOID殿堂入り,下载22L,IA",VOCALOID·UTAU,6152,ia_music,False,False,music_signal
BV1Ns411Z7Ym,46,【IA】夜咄ディセイブ/夜咄DECEIVE【じん（自然の敵P）】,日進月步,"分P狂魔,NEKOBOLO,UP主辛苦,VOCALOID,作业用,作业用BGM,VOCALOID殿堂入り,下载22L,IA",VOCALOID·UTAU,6152,ia_music,False,False,music_signal
BV1Ns411Z7Ym,53,【IA】 単色世界 【綿飴(季節P)】,日進月步,"分P狂魔,NEKOBOLO,UP主辛苦,VOCALOID,作业用,作业用BGM,VOCALOID殿堂入り,下载22L,IA",VOCALOID·UTAU,6152,ia_music,False,False,music_signal
BV1Ns411Z7Ym,54,【IA】鴨川桜の舞扇【ALT(蕾P)】,日進月步,"分P狂魔,NEKOBOLO,UP主辛苦,VOCALOID,作业用,作业用BGM,VOCALOID殿堂入り,下载22L,IA",VOCALOID·UTAU,6152,ia_music,False,False,music_signal
BV1Ns411Z7Ym,56,【IA・Lily】マトリョシカ/俄罗斯套娃【Diarays cover】,日進月步,"分P狂魔,NEKOBOLO,UP主辛苦,VOCALOID,作业用,作业用BGM,VOCALOID殿堂入り,下载22L,IA",VOCALOID·UTAU,6152,ia_music,False,True,music_signal
BV1Ns411Z7Ym,74,【IA】少女自傷癖【PolyphonicBranch】,日進月步,"分P狂魔,NEKOBOLO,UP主辛苦,VOCALOID,作业用,作业用BGM,VOCALOID殿堂入り,下载22L,IA",VOCALOID·UTAU,6152,ia_music,False,False,music_signal
BV1Ns411Z7Ym,75,【IA】負け犬至上主義【１５０P】,日進月步,"分P狂魔,NEKOBOLO,UP主辛苦,VOCALOID,作业用,作业用BGM,VOCALOID殿堂入り,下载22L,IA",VOCALOID·UTAU,6152,ia_music,False,False,music_signal
BV1Ns411Z7Ym,88,【GUMI+IA】　不毛！　【ぽてんしゃる0】,日進月步,"分P狂魔,NEKOBOLO,UP主辛苦,VOCALOID,作业用,作业用BGM,VOCALOID殿堂入り,下载22L,IA",VOCALOID·UTAU,6152,ia_music,False,False,music_signal
BV1Ns411Z7Ym,93,【IA】ロスタイムメモリー/回忆补时【じん（自然の敵P）】,日進月步,"分P狂魔,NEKOBOLO,UP主辛苦,VOCALOID,作业用,作业用BGM,VOCALOID殿堂入り,下载22L,IA",VOCALOID·UTAU,6152,ia_music,False,False,music_signal
BV1Ns411Z7Ym,116,【IA】アヤノの幸福理論/文乃的幸福理論【じん（自然の敵P）】,日進月步,"分P狂魔,NEKOBOLO,UP主辛苦,VOCALOID,作业用,作业用BGM,VOCALOID殿堂入り,下载22L,IA",VOCALOID·UTAU,6152,ia_music,False,False,music_signal
BV1Ns411Z7Ym,117,【IA】東　京　リ　ア　ル　ワ　ー　ル　ド/東京Real World【out of survice】,日進月步,"分P狂魔,NEKOBOLO,UP主辛苦,VOCALOID,作业用,作业用BGM,VOCALOID殿堂入り,下载22L,IA",VOCALOID·UTAU,6152,ia_music,False,False,music_signal
BV1Ns411Z7Ym,136,【ルカ ミク グミ IA リン】 jewel 【梅とら】,日進月步,"分P狂魔,NEKOBOLO,UP主辛苦,VOCALOID,作业用,作业用BGM,VOCALOID殿堂入り,下载22L,IA",VOCALOID·UTAU,6152,ia_music,False,False,music_signal
BV1Ns411Z7Ym,138,【IA】かくしごと/秘密【まふまふ】,日進月步,"分P狂魔,NEKOBOLO,UP主辛苦,VOCALOID,作业用,作业用BGM,VOCALOID殿堂入り,下载22L,IA",VOCALOID·UTAU,6152,ia_music,False,False,music_signal
BV1Ns411Z7Ym,146,【IA×巡音ルカ】アッパーチューン/Upper tune【yksb】,日進月步,"分P狂魔,NEKOBOLO,UP主辛苦,VOCALOID,作业用,作业用BGM,VOCALOID殿堂入り,下载22L,IA",VOCALOID·UTAU,6152,ia_music,False,False,music_signal
BV1Ns411Z7Ym,156,【IA】泣き虫ピエロ/爱哭鬼小丑【PolyphonicBranch】,日進月步,"分P狂魔,NEKOBOLO,UP主辛苦,VOCALOID,作业用,作业用BGM,VOCALOID殿堂入り,下载22L,IA",VOCALOID·UTAU,6152,ia_music,False,False,music_signal
BV1Ns411Z7Ym,166,【IA】オツキミリサイタル/赏月独奏会【じん（自然の敵P）】,日進月步,"分P狂魔,NEKOBOLO,UP主辛苦,VOCALOID,作业用,作业用BGM,VOCALOID殿堂入り,下载22L,IA",VOCALOID·UTAU,6152,ia_music,False,False,music_signal
BV1Ns411Z7Ym,167,【IA】　chord liner　【乙Ｐ】,日進月步,"分P狂魔,NEKOBOLO,UP主辛苦,VOCALOID,作业用,作业用BGM,VOCALOID殿堂入り,下载22L,IA",VOCALOID·UTAU,6152,ia_music,False,False,music_signal
BV1Ns411Z7Ym,194,【IA】夢花火【まふまふ】,日進月步,"分P狂魔,NEKOBOLO,UP主辛苦,VOCALOID,作业用,作业用BGM,VOCALOID殿堂入り,下载22L,IA",VOCALOID·UTAU,6152,ia_music,False,False,music_signal
BV1Ns411Z7Ym,197,【IA】夕景イエスタデイ/夕景Yesterday【じん（自然の敵P）】,日進月步,"分P狂魔,NEKOBOLO,UP主辛苦,VOCALOID,作业用,作业用BGM,VOCALOID殿堂入り,下载22L,IA",VOCALOID·UTAU,6152,ia_music,False,False,music_signal
BV1Ns411Z7Ym,199,【IA】ワンツーハロー/One two Hello！【石風呂】,日進月步,"分P狂魔,NEKOBOLO,UP主辛苦,VOCALOID,作业用,作业用BGM,VOCALOID殿堂入り,下载22L,IA",VOCALOID·UTAU,6152,ia_music,False,False,music_signal
BV1Ns411Z7Ym,202,【IA】終焉ノ栞【150P】,日進月步,"分P狂魔,NEKOBOLO,UP主辛苦,VOCALOID,作业用,作业用BGM,VOCALOID殿堂入り,下载22L,IA",VOCALOID·UTAU,6152,ia_music,False,False,music_signal
BV1Ns411Z7Ym,217,【IA】アウターサイエンス/界外科学【じん(自然の敵P)】,日進月步,"分P狂魔,NEKOBOLO,UP主辛苦,VOCALOID,作业用,作业用BGM,VOCALOID殿堂入り,下载22L,IA",VOCALOID·UTAU,6152,ia_music,False,False,music_signal
BV1Ns411Z7Ym,219,【IA】サマータイムレコード/夏令时记录【じん(自然の敵P)】,日進月步,"分P狂魔,NEKOBOLO,UP主辛苦,VOCALOID,作业用,作业用BGM,VOCALOID殿堂入り,下载22L,IA",VOCALOID·UTAU,6152,ia_music,False,False,music_signal
BV1Ns411Z7Ym,223,【IA】M&#39;AIDER遭難ガール/M&#39;AIDER遭難女孩【out of survice】,日進月步,"分P狂魔,NEKOBOLO,UP主辛苦,VOCALOID,作业用,作业用BGM,VOCALOID殿堂入り,下载22L,IA",VOCALOID·UTAU,6152,ia_music,False,False,music_signal
BV1Ns411Z7Ym,247,【ルカ ミク グミ IA リン】虎視眈々【梅とら】,日進月步,"分P狂魔,NEKOBOLO,UP主辛苦,VOCALOID,作业用,作业用BGM,VOCALOID殿堂入り,下载22L,IA",VOCALOID·UTAU,6152,ia_music,False,False,music_signal
BV1Ns411Z7Ym,256,【IA】 リズの内心革命/莉兹的内心革命 【じっぷす】,日進月步,"分P狂魔,NEKOBOLO,UP主辛苦,VOCALOID,作业用,作业用BGM,VOCALOID殿堂入り,下载22L,IA",VOCALOID·UTAU,6152,ia_music,False,False,music_signal
BV1Ns411Z7Ym,270,【IA feat. 鏡音リン】すーぱーぬこわーるど/Super Nuko World【まふまふ】,日進月步,"分P狂魔,NEKOBOLO,UP主辛苦,VOCALOID,作业用,作业用BGM,VOCALOID殿堂入り,下载22L,IA",VOCALOID·UTAU,6152,ia_music,False,False,music_signal
BV1ws411D7RB,2,孩童记录(Children Record/チルドレンレコード)-IA【PV】,Grandom,"官方合集,カゲロウプロジェクト,初音ミク,IA,じん(自然の敵P),失想ワアド,目隐都市的演绎者,惊异的中毒性,阳炎PROJECT",VOCALOID·UTAU,32808,ia_music,False,False,music_signal
BV1ws411D7RB,3,孩童记录(Children Record/チルドレンレコード)-IA;ONE【PV】,Grandom,"官方合集,カゲロウプロジェクト,初音ミク,IA,じん(自然の敵P),失想ワアド,目隐都市的演绎者,惊异的中毒性,阳炎PROJECT",VOCALOID·UTAU,32808,ia_music,False,False,music_signal
BV1ws411D7RB,7,耳机演绎者(Headphone Actor/ヘッドフォンアクター)-IA【PV】,Grandom,"官方合集,カゲロウプロジェクト,初音ミク,IA,じん(自然の敵P),失想ワアド,目隐都市的演绎者,惊异的中毒性,阳炎PROJECT",VOCALOID·UTAU,32808,ia_music,False,False,music_signal
BV1ws411D7RB,8,空想森林(空想Forest/空想フォレスト)-IA【PV】,Grandom,"官方合集,カゲロウプロジェクト,初音ミク,IA,じん(自然の敵P),失想ワアド,目隐都市的演绎者,惊异的中毒性,阳炎PROJECT",VOCALOID·UTAU,32808,ia_music,False,False,music_signal
BV1ws411D7RB,9,Ene的电脑之旅(エネの電脳紀行)-IA,Grandom,"官方合集,カゲロウプロジェクト,初音ミク,IA,じん(自然の敵P),失想ワアド,目隐都市的演绎者,惊异的中毒性,阳炎PROJECT",VOCALOID·UTAU,32808,ia_music,False,False,music_signal
BV1ws411D7RB,10,死亡与追寻(Dead and Seek/デッドアンドシーク)-IA,Grandom,"官方合集,カゲロウプロジェクト,初音ミク,IA,じん(自然の敵P),失想ワアド,目隐都市的演绎者,惊异的中毒性,阳炎PROJECT",VOCALOID·UTAU,32808,ia_music,False,False,music_signal
BV1ws411D7RB,11,Konoha的世界事情(コノハの世界事情)-初音ミク;IA【PV】,Grandom,"官方合集,カゲロウプロジェクト,初音ミク,IA,じん(自然の敵P),失想ワアド,目隐都市的演绎者,惊异的中毒性,阳炎PROJECT",VOCALOID·UTAU,32808,ia_music,False,False,music_signal
BV1ws411D7RB,12,如月专注(如月Attention/如月アテンション)-IA【PV】,Grandom,"官方合集,カゲロウプロジェクト,初音ミク,IA,じん(自然の敵P),失想ワアド,目隐都市的演绎者,惊异的中毒性,阳炎PROJECT",VOCALOID·UTAU,32808,ia_music,False,False,music_signal
BV1ws411D7RB,13,透明解答(透明Answer/透明アンサー)-IA【PV】,Grandom,"官方合集,カゲロウプロジェクト,初音ミク,IA,じん(自然の敵P),失想ワアド,目隐都市的演绎者,惊异的中毒性,阳炎PROJECT",VOCALOID·UTAU,32808,ia_music,False,False,music_signal
BV1ws411D7RB,14,死神记录(死神Record/シニガミレコード)-IA + 开演放送(カイエンパンザマスト),Grandom,"官方合集,カゲロウプロジェクト,初音ミク,IA,じん(自然の敵P),失想ワアド,目隐都市的演绎者,惊异的中毒性,阳炎PROJECT",VOCALOID·UTAU,32808,ia_music,False,False,music_signal
BV1ws411D7RB,15,群青雨(群青Rain/群青レイン)-IA,Grandom,"官方合集,カゲロウプロジェクト,初音ミク,IA,じん(自然の敵P),失想ワアド,目隐都市的演绎者,惊异的中毒性,阳炎PROJECT",VOCALOID·UTAU,32808,ia_music,False,False,music_signal
BV1ws411D7RB,16,少年勇气(少年Brave/少年ブレイヴ)-IA【PV!】,Grandom,"官方合集,カゲロウプロジェクト,初音ミク,IA,じん(自然の敵P),失想ワアド,目隐都市的演绎者,惊异的中毒性,阳炎PROJECT",VOCALOID·UTAU,32808,ia_music,False,False,music_signal
BV1ws411D7RB,17,夜谈欺骗(夜咄Deceive/夜咄ディセイブ)-IA【PV】,Grandom,"官方合集,カゲロウプロジェクト,初音ミク,IA,じん(自然の敵P),失想ワアド,目隐都市的演绎者,惊异的中毒性,阳炎PROJECT",VOCALOID·UTAU,32808,ia_music,False,False,music_signal
BV1ws411D7RB,18,回忆补时(Lost Time Memory/ロスタイムメモリー)-IA【PV】,Grandom,"官方合集,カゲロウプロジェクト,初音ミク,IA,じん(自然の敵P),失想ワアド,目隐都市的演绎者,惊异的中毒性,阳炎PROJECT",VOCALOID·UTAU,32808,ia_music,False,False,music_signal
BV1ws411D7RB,19,文乃的幸福理论(アヤノの幸福理論)-IA【PV】,Grandom,"官方合集,カゲロウプロジェクト,初音ミク,IA,じん(自然の敵P),失想ワアド,目隐都市的演绎者,惊异的中毒性,阳炎PROJECT",VOCALOID·UTAU,32808,ia_music,False,False,music_signal
BV1ws411D7RB,20,赏月独奏会(賞月Recital/オツキミリサイタル)-IA【PV】,Grandom,"官方合集,カゲロウプロジェクト,初音ミク,IA,じん(自然の敵P),失想ワアド,目隐都市的演绎者,惊异的中毒性,阳炎PROJECT",VOCALOID·UTAU,32808,ia_music,False,False,music_signal
BV1ws411D7RB,21,夕景昨日(夕景Yesterday/夕景イエスタデイ)-IA【PV】,Grandom,"官方合集,カゲロウプロジェクト,初音ミク,IA,じん(自然の敵P),失想ワアド,目隐都市的演绎者,惊异的中毒性,阳炎PROJECT",VOCALOID·UTAU,32808,ia_music,False,False,music_signal
BV1ws411D7RB,22,界外科学(Outer Science/アウターサイエンス)-IA【PV】,Grandom,"官方合集,カゲロウプロジェクト,初音ミク,IA,じん(自然の敵P),失想ワアド,目隐都市的演绎者,惊异的中毒性,阳炎PROJECT",VOCALOID·UTAU,32808,ia_music,False,False,music_signal
BV1ws411D7RB,23,茉莉的架空世界(マリーの架空世界)-IA + 哭泣序曲(クライングプロローグ),Grandom,"官方合集,カゲロウプロジェクト,初音ミク,IA,じん(自然の敵P),失想ワアド,目隐都市的演绎者,惊异的中毒性,阳炎PROJECT",VOCALOID·UTAU,32808,ia_music,False,False,music_signal
BV1ws411D7RB,24,夏令时记录(Summer Time Record/サマータイムレコード)-IA【PV】,Grandom,"官方合集,カゲロウプロジェクト,初音ミク,IA,じん(自然の敵P),失想ワアド,目隐都市的演绎者,惊异的中毒性,阳炎PROJECT",VOCALOID·UTAU,32808,ia_music,False,False,music_signal
BV1ws411D7RB,37,赏月独奏会(賞月Recital/オツキミリサイタル)-IA,Grandom,"官方合集,カゲロウプロジェクト,初音ミク,IA,じん(自然の敵P),失想ワアド,目隐都市的演绎者,惊异的中毒性,阳炎PROJECT",VOCALOID·UTAU,32808,ia_music,False,False,music_signal
BV12q4y197vw,1,【4K超高清】アスノヨゾラ哨戒班（明日的夜空哨戒班）,SILVIA____,"IA,日语,V家,VOCALOID,虚拟歌手,4K,アスノヨゾラ哨戒班,orangestar",VOCALOID·UTAU,1593799,ia_music,False,False,music_signal
BV1Gv4y1K7yY,1,"【原版】初音ミク、镜音リン、巡音ルカ、GUMI、IA - 威風堂々【オリジナルver, 梅とら】",春娇与志明,"巡音ルカ,VOCALOID,初音未来,原版,镜音リン,经典,GUMI,威风堂堂,IA,虚拟歌手",VOCALOID·UTAU,1321869,ia_music,False,False,music_signal
BV113411y78y,1,【4K超高清】六兆年と一夜物語,SILVIA____,"歌曲,4K,IA,V家,日语,VOCALOID,虚拟歌手,KEMU,六兆年と一夜物語",VOCALOID·UTAU,1153991,ia_music,False,False,music_signal
BV1pv5EzGEan,1,【IA/初音ミク/中译版】奇迹犬大游行/ワンダードッグパレード（BY： 夏山よつぎ / ネコロジック）,苏维埃冰棺中的伊利亚,"初音ミク,VOCALOID,初音未来,IA,VOCALOID·UTAU,Miku,Hatsune Miku,术力口,夏山よつぎ,ワンダードッグパレード",VOCALOID·UTAU,962365,ia_music,False,False,music_signal
BV1rQZyBBEj8,1,【官方投稿】特別救済委員会 / 初音ミク・GUMI・IA・Flower・可不・重音テトSV,サツキ_Official,"初音ミク,VOCALOID,GUMI,IA,サツキ,可不,KAFU,全能音乐挑战赛,重音テトSV,Atena",VOCALOID·UTAU,842234,ia_music,False,False,music_signal
BV1zs411Z7z4,1,【IA】文乃的幸福理論【じん(自然の敵P)】,白羽沉,"文乃的幸福理论,目隐都市的演绎者,じん,VOCALOID,楯山文乃,IA",VOCALOID·UTAU,739533,ia_music,False,False,music_signal
BV1Qi7SzXE8K,1,Wonderdogs&#x27; Parade / IA &amp; MIKU,夏山よつぎ,"初音ミク,VOCALOID",VOCALOID·UTAU,657265,ia_music,False,False,music_signal
BV1QT4y1u795,2,Henceforth ／ Orangestar feat.IA,阿赫official,"Orangestar,VOCALOID,ルワン,IA,Henceforth",VOCALOID·UTAU,278797,ia_music,False,False,music_signal
BV1BR4y177zE,1,【CEVIOAI(IA】脳内disco【r-906】,rotbala,"VOCALOID,r-906,ノウナイディスコ,IA,CEVIO",VOCALOID·UTAU,521982,ia_music,False,False,music_signal
BV12E41167Tg,1,【IA】キメラ【ATOLS】,ATOLS_official,"IA,ATOLS,自制,原创歌曲,VOCALOID,キメラ",VOCALOID·UTAU,460608,ia_music,False,False,music_signal
BV1HW411X7vS,1,【MIKU、KAITO、IA、VY2】阴暗森林的马戏团【megamawaru】,聿矜233,"KAITO,初音MIKU",VOCALOID·UTAU,454373,ia_music,False,False,music_signal
BV1ns411o7PQ,1,【ルカ ミク グミ IA リン】虎视眈眈,牛牛蝎羯,"GUMI,梅绅士,四字熟语系列,虎视眈眈,VOCALOID",VOCALOID·UTAU,423394,ia_music,False,False,music_signal
BV1R4411V7jA,1,【GUMI Feat.IA、Fukase】絶体絶命（Cover：阿良良木健/洛天依）,BugP_滑稽樹,"GUMI,Megpoid,翻调,新人,IA,VOCALOID,绝体绝命,FUKASE",VOCALOID·UTAU,390157,ia_music,False,True,music_signal
BV1QHBXBaEqU,1,【中文CC字幕】【IA :[R]】シリーテラー（Silly Terror）【r-906】,阿赫official,"VOCALOID,IA,r-906,VOCALOID6,シリーテラー",VOCALOID·UTAU,350953,ia_music,False,False,music_signal
BV1cx411c7go,1,【IA】夜咄DECEIVE,【存在抹消】,"VOCALOID,JIN,じん（自然の敌P）,しづ,KANO,IA_-ARIA_ON_THE_PLANETES-_,目隐都市的演绎者",VOCALOID·UTAU,327691,ia_music,False,False,music_signal
BV1Wx411t7Z9,1,快晴 / Orangestar feat.IA「授权转载」,阿赫official,"VOCALOID,快晴(Orangestar),IA,Orangestar",VOCALOID·UTAU,313336,ia_music,False,False,music_signal
BV1ps411f7oj,1,【IA】夕景yesterday,長門YUKI,"JIN,UP主求嫁,遥贵,池面人生,VOCALOID,じん（自然の敌P）,IA,夕景イエスタデイ",VOCALOID·UTAU,313155,ia_music,False,False,music_signal
BV1e3411B7JL,1,【IA &amp; 初音ミク】Surges【Orangestar】【授权转载】,阿赫official,"VOCALOID,初音未来,IA,Orangestar,Surges",VOCALOID·UTAU,282288,ia_music,False,False,music_signal
BV1as41197Zj,1,Alice in 冷凍庫 / Orangestar feat.IA 「授权搬运」,阿赫official,"ALICE IN 冷冻库,IA,ORANGESTAR,VOCALOID",VOCALOID·UTAU,266698,ia_music,False,False,music_signal
BV14441187Yo,1,6th sense / たべっこ feat.IA (Music Video),your_cage,"VOCAROCK,日本,IA,たべっこ,はなけん,しとお,音乐",VOCALOID·UTAU,230470,ia_music,False,False,music_signal
BV1A5fpBEENJ,1,【本家投稿】ノウナイディスコ / r-906 feat. IA,r-906_arukuremu,"IA,r-906,ノウナイディスコ",VOCALOID·UTAU,222723,ia_music,False,False,music_signal
BV1ns41197Re,1,你的夜空哨戒班 / Orangestar feat.IA 「授权搬运」,阿赫official,"ORANGESTAR,アスノヨゾラ哨戒班,IA,キミノヨゾラ哨戒班,VOCALOID",VOCALOID·UTAU,211271,ia_music,False,False,music_signal
BV1Tx411F7Aa,6,sm16719480 鳥の詩(Ver.IA) full 【神無月Ｐ】,唯爱阿萌,"VOCALOID,150P,VOCALOID殿堂入り,じん,WORLD CALLING,JIN,IA",VOCALOID·UTAU,6557,ia_music,False,False,music_signal
BV1Tx411F7Aa,7,"sm16797702 My Soul, Your Beats!(Ver.IA) short【神無月P】",唯爱阿萌,"VOCALOID,150P,VOCALOID殿堂入り,じん,WORLD CALLING,JIN,IA",VOCALOID·UTAU,6557,ia_music,False,False,music_signal
BV1Tx411F7Aa,11,sm16829416 イアイア★ナイトオブデザイア（IA IA★Night Of Desire）【samfree】,唯爱阿萌,"VOCALOID,150P,VOCALOID殿堂入り,じん,WORLD CALLING,JIN,IA",VOCALOID·UTAU,6557,ia_music,False,False,music_signal
BV1Tx411F7Aa,14,sm17397763 【IA+初音】コノハの世界事情【じん（自然の敵P）】,唯爱阿萌,"VOCALOID,150P,VOCALOID殿堂入り,じん,WORLD CALLING,JIN,IA",VOCALOID·UTAU,6557,ia_music,False,False,music_signal
BV1Tx411F7Aa,17,sm17536640 【IA+miki】君はいなせなガール（你是一个勇敢的女孩）【石風呂】,唯爱阿萌,"VOCALOID,150P,VOCALOID殿堂入り,じん,WORLD CALLING,JIN,IA",VOCALOID·UTAU,6557,ia_music,False,False,music_signal
BV1Tx411F7Aa,30,sm19233263【ルカ ミク グミ IA リン】威風堂々【梅とら】,唯爱阿萌,"VOCALOID,150P,VOCALOID殿堂入り,じん,WORLD CALLING,JIN,IA",VOCALOID·UTAU,6557,ia_music,False,False,music_signal
BV1xD4y1D7T1,1,【結月ゆかり＆IA】Ice breaker【ねじ式】【Sub Eng】,翼ある闇,"结月缘,IA,結月ゆかり,ねじ式",VOCALOID·UTAU,181601,ia_music,False,False,music_signal
BV1VF411e7Pa,1,カグラ / IA［CeVIO AI］,ATOLS_official,"自制,MV,IA,ATOLS,CeVIO AI,カグラ,和風ロック,VOCALOID",VOCALOID·UTAU,172881,ia_music,False,False,music_signal
BV1ThRyBGEh6,1,【本家投稿】シリーテラー / r-906 feat. IA :[R],r-906_arukuremu,"VOCALOID,r-906,IA_V6,シリーテラー,IA :[R],SillyTerror",VOCALOID·UTAU,168646,ia_music,False,False,music_signal
BV13t411V7pX,1,鳥の詩 -IA version-,IA小天使OFFICIAL,"V家,IA,Vocaloid,IA小天使,伊爱,イア,IA小天使OFFICIAL,鸟之诗,鳥の詩,LIA",VOCALOID·UTAU,165339,ia_music,False,False,music_signal
BV1js411o7ok,1,【机械Project】玻璃色的鸢尾花【IA】,Overidea_China,"VOCALOID,神无月P,玻璃色的鸢尾花,机械PROJECT,双子玉子(ギター),コショウP,IA,キョウカ(原作),猫乃よもぎ(絵師),SM27787111",VOCALOID·UTAU,161640,ia_music,False,False,music_signal
BV1Gx411F7PS,1,【IA】我在找弟弟的A片的时候他带女朋友回来,非洲のGUMI酱,"弟のエロDVD渔ってたら彼女连れて帰ってきた,さいたまにすと,SM17911956,VOCALOID,IA",VOCALOID·UTAU,160833,ia_music,False,False,music_signal
BV1zs411U77V,1,【Miku&amp;IA国人民族调原创曲】传颂之章【花之祭P】❀,花之祭P,"MIKU DARK,VOCALOID民族调曲,原创曲,咏吟轩,花之祭P,零届0RZ,美哭,初音MIKU,IA,杏花包儿",VOCALOID·UTAU,160559,ia_music,False,False,music_signal
BV1vx411A7QG,1,【IA×初音ミク】空奏列車【Orangestar】,酸素ちゃん,"ORANGESTAR,VOCALOID,空奏列车,IA,初音MIKU",VOCALOID·UTAU,156545,ia_music,False,False,music_signal
BV1Tx411F7e7,1,【IA】如月attention（自然之敵P）,trance羯,"PV,じん,IA,如月アテンション,如月ATTENTION,如月,如月桃,不能再赞系列,目隐都市的演绎者,VOCALOID",VOCALOID·UTAU,153379,ia_music,False,False,music_signal
BV1Ax411N7W7,1,【ルカミクグミIAリン】一騎当千【梅とら】【MV】,牛牛蝎羯,"GUMI,一骑当千,梅とら,IA,初音MIKU,镜音RIN,巡音LUKA,VOCALOID",VOCALOID·UTAU,151763,ia_music,False,False,music_signal
BV16o4y1176J,1,重奏オルレアン／IA・初音ミク,翼ある闇,"初音MIKU,IA",VOCALOID·UTAU,72533,ia_music,False,False,music_signal
BV16o4y1176J,2,重奏オルレアン／IA・初音ミク - ニコニコ動画,翼ある闇,"初音MIKU,IA",VOCALOID·UTAU,72533,ia_music,False,False,music_signal
BV1Px411P73x,1,【IA】雨声残响【orangestarP】,赤鸣,"蜜柑星P,IA,雨き声残响,VOCALOID,Orangestar",VOCALOID·UTAU,143571,ia_music,False,False,music_signal
BV1st41197xJ,1,超会议2018 IA 哨戒班,洛奇亚X,"VOCALOIDCHINA,演唱会,超会议,音乐,IA",VOCALOID·UTAU,141272,ia_music,False,False,music_signal
BV12s411S7CA,1,【ルカミクグミIAリン】Love Me If You Can【梅とら】,牛牛蝎羯,"梅とら,LOVE ME IF YOU CAN,VOCALOID",VOCALOID·UTAU,141245,ia_music,False,False,music_signal
BV1Gx411w7Vp,1,【IA】Head Phone Actor【じん(自然の敵P)】,BILI君的音樂工房,"VOCALOID,じん（自然の敌P）,しづ,ヘッドフォンアクター,IAIAIA,中毒到死,IA,目隐都市的演绎者",VOCALOID·UTAU,138829,ia_music,False,False,music_signal
BV1Kx411F7Jn,1,【MV】自然之敌P「空想森林」,唯爱阿萌,"VOCALOID,治愈,IA,じん（自然の敌Ｐ）,空想フォレスト,后白,SETO:AV1094134,目隐都市的演绎者,治愈向",VOCALOID·UTAU,138367,ia_music,False,False,music_signal
BV17i4y1F7Yn,1,Orangestar - Nadir (feat. IA),阿赫official,"IA,Orangestar,VOCALOID",VOCALOID·UTAU,68378,ia_music,False,False,music_signal
BV1G3JPzcEgm,1,〖中文字幕〗ワンダードッグパレー／奇迹犬的大游行 夏山よっぎ／IA／初音ミク,账号已注销,"初音ミク,中文字幕,VOCALOID",VOCALOID·UTAU,136149,ia_music,False,False,music_signal
BV1q6ZeBKEum,1,【初音/重音/可不/IA/GUMI/Flower/中译版】特別救济委员会（BY：サツキ和Atena）,苏维埃冰棺中的伊利亚,"初音ミク,VOCALOID,重音テト,GUMI,IA,VOCALOID·UTAU,Flower,术力口,可不",VOCALOID·UTAU,131069,ia_music,False,False,music_signal
BV1Dx411F7ZS,1,【IA】对不起，我喜欢你【うたたP】,trance羯,"治愈向,うたたP,超展开,IA,鸟居羊,WOGURA,看画风认P主系列,VOCALOID",VOCALOID·UTAU,129037,ia_music,False,False,music_signal
BV1v54y1w7qt,1,【VOCALOIDs】胸部××××/おっぱい××××【3000粉感谢】,文_FumiNe_,"2023Vsinger创作激励计划第一期,Vsinger创作激励计划,VOCALOID,胸部,初音未来,IA,GUMI,镜音铃,猫村いろは,咖喱乌冬,木村わいP",VOCALOID·UTAU,127708,ia_music,False,False,music_signal
BV1444y1g7oD,2,sm40362215 - Guiano - 花 (feat.IA),阿赫official,"VOCALOID,IA,Guiano,ボカコレ2022春",VOCALOID·UTAU,62225,ia_music,False,False,music_signal
BV17x411T72R,1,【IA】想死酱【すいっち（バタＰ）】,月下之恶魔,"良曲,中毒循环,バタＰ,想死酱,VOCALOID,IA,シニタイちゃん",VOCALOID·UTAU,124017,ia_music,False,False,music_signal
BV1Ls411S7Y8,1,【IA原創】箱中少女【VelecTi】,VelecTi,"VOCALOID,VELECTI,IA",VOCALOID·UTAU,121335,ia_music,False,False,music_signal
BV15t411t7Qc,1,【 IA (&amp; Fukase) 】あなたの夜が明けるまで【 傘村トータ 】,傘村トータ,"音乐,自制,IA,Fukase,傘村トータ",VOCALOID·UTAU,121226,ia_music,False,False,music_signal
BV1is411o7vx,1,【8人大合唱！原创】354机甲少女骑士团【裕剑流】feat.洛天依/言和/初音ミク/镜音リン/镜音レン/GUMI/IA/,裕剑流P,"GUMI,IA,裕剑流,354机甲少女骑士团系列,VOCALOID,初音MIKU,镜音RIN,洛天依,言和,镜音LEN,VOCALOID中文曲",VOCALOID·UTAU,117015,ia_music,False,True,music_signal
BV1hs411S7eg,1,【IA &amp; Prima国人民族调原创曲】三木生贄【花之祭P】❀,花之祭P,"原创曲,VOCALOID,日语&AMP;德语,VOCALOID民族调曲,花之祭P,杏花包儿",VOCALOID·UTAU,116313,ia_music,False,False,music_signal
BV1zx411w7KC,1,【初音ミク＋IA】コノハの世界事情【じん】,【存在抹消】,"VOCALOID,VOCALOID殿堂入り,中西,じん（自然の敌P）,しづ,ゆーまお,MASIRO SHIRAKAMI",VOCALOID·UTAU,114832,ia_music,False,False,music_signal
BV18t411c7SM,1,【IA OFFICIAL】Conqueror  ｜IA (song by Sendra) 【CC中文字幕】,IA小天使OFFICIAL,"IA小天使OFFICIAL,IA,伊爱,Vocaloid,Conqueror,演唱会,MMD发布,IA OFFICIAL",VOCALOID·UTAU,110741,ia_music,False,False,music_signal
BV14s411G7dL,6,【ジャンヌダルク】マチガイサガシ  feat. IA／まふまふ,兎衣ちゃん,"鏡音レン,鏡音リン,初音ミク,巡音ルカ,IA,GUMI",VOCALOID·UTAU,1211,ia_music,False,False,music_signal
BV14s411G7dL,15,【マリア=S=レオンブルク】KILLER B feat. 巡音ルカ・初音ミク・GUMI・IA・鏡音リン／梅とら,兎衣ちゃん,"鏡音レン,鏡音リン,初音ミク,巡音ルカ,IA,GUMI",VOCALOID·UTAU,1211,ia_music,False,False,music_signal
BV1Ns411Z7GF,1,【原创】【Vocal×Vocaloid】ViR to ReaL【VelecTi】,VelecTi,"VOCALOID,进度条傲娇,原创,神调教,大触,新玩法,VELECTI,神曲神PV,全长4:30,神PV 神作曲,IA",VOCALOID·UTAU,107514,ia_music,False,False,music_signal
BV1Ls411U7HV,1,【ルカミクグミIAリン】四面楚歌【梅とら】,等待呢歌,"GUMI,IA,梅とら,四字熟语系列,四面楚歌,再编曲,LUKA,初音MIKU,镜音RIN,VOCALOID",VOCALOID·UTAU,107419,ia_music,False,False,music_signal
BV1Ki4y1e7ZS,1,【ルカミクグミIAリン】CR詠ZY【梅とら】,妄想Delusions,"初音ミク,巡音ルカ,VOCALOID,鏡音リン,GUMI,梅とら,IA",VOCALOID·UTAU,105407,ia_music,False,False,music_signal
BV1Xs411Z7Ko,1,【阳炎project】Secondalbum【非公式】,小饼干感度良好524,"考古系列,じん,自然の敌P,IA小天使,HIBIYA,じん@专题,(IA),KAGARO DAZE,目隐都市的演绎者,VOCALOID",VOCALOID·UTAU,104287,ia_music,False,False,music_signal
BV1nW41197x5,1,[中文字幕] 我們的夏天仍在循環 / *Luna feat.IA,Luna_official,"*Luna,IA,VOCALOID,僕らの夏はまた巡って",VOCALOID·UTAU,103088,ia_music,False,False,music_signal
BV1ws41167B7,1,【IA】随管弦乐起舞【YASUHIRO(康寛)】,阿赫official,"VOCALOID,踊れオーケストラ,IA,YASUHIRO,康寛,YASUHIRO(康寛),こもも",VOCALOID·UTAU,100830,ia_music,False,False,music_signal
BV1fs411Z7Hv,1,【洛天依xIA】祈愿之歌【民族调原创曲PV付✿】,花之祭P,"VOCALOID,原创,VOCALOID民族调曲,洛天依,咏吟轩,花之祭P,花圈组,KREISEE,ナミカ,不要点,IA",VOCALOID·UTAU,95808,ia_music,False,False,music_signal
BV1Zs411Z7Hf,1,【巡音ルカ×初音ミク×GUMI×IA×鏡音リン】jewel【梅とら】,白羽沉,"GUMI,梅とら,IA,JEWEL,珠光宝气（大雾）,巡音LUKA,VOCALOID,镜音RIN,初音MIKU",VOCALOID·UTAU,94789,ia_music,False,False,music_signal
BV1Ji4y1M7c1,1,【1080p修复/60帧】 透明アンサー【Jin/自然之敌p】,哭泣的独奏,"VOCALOID,阳炎计划,目隐都市的演绎者,楯山文乃,如月伸太郎,画质修复,IA,じん(自然の敵P)",VOCALOID·UTAU,94427,ia_music,False,False,music_signal
BV1Xs411Z7RA,1,【巡音ルカ、初音ミク、 GUMI、 IA 、鏡音リン】未来永劫【梅とら】,BILI君的音樂工房,"VOCALOID,GUMI,惊异的中毒性,梅とら,四字系列,IA,威风堂堂同作者,初音MIKU,镜音RIN,巡音LUKA",VOCALOID·UTAU,94299,ia_music,False,False,music_signal
BV1mh411J7iF,1,威風堂々（威风堂堂）+WAVE－（中文字幕）,BEI___,"初音未来,GUMI,VOCALOID,IA,巡音流歌,镜音铃",VOCALOID·UTAU,90388,ia_music,False,False,music_signal
BV1WT411r72N,1,【ルカ ミク グミ IA リン】Love Me If You Can【梅とら】（PV原版+remake双版本）碧蓝航线宅舞曲,六兆年的夜空哨戒班,"碧蓝航线,VOCALOID,初音未来,镜音RIN,巡音LUKA,IA,GUMI,若你爱我,梅绅士,工口曲",VOCALOID·UTAU,89589,ia_music,False,False,music_signal
BV1xs411Z7wM,1,【初音ミク×IA】午夜末日审判之宣告【原创曲】,Myth·Athde,"神调教,国人,听曲风识UP主,VOCALOID,初音MIKU,IA,MISU,ミス·アスダ",VOCALOID·UTAU,89106,ia_music,False,False,music_signal
BV1Hz4y157vq,1,IA GLOWB「INTERGALACTIA」MV,IA小天使OFFICIAL,"MV,日语MV,我的MV我做主,IA GLOWB,INTERGALACTIA,我的MV我做主3.0,IA INTERGALACTIA",VOCALOID·UTAU,89070,ia_music,False,False,music_signal
BV1Eq5jzAEqb,1,【IA&amp;初音ミク】Wonder Dog Parade【夏山よつぎ】,青杉折扇,"初音ミク,IA,夏山よつぎ,アルセチカ,ワンダードッグパレード",VOCALOID·UTAU,87985,ia_music,False,False,music_signal
BV1Rx411T7Uy,1,【IA】耳机与蝉時雨【Orangestar】,糜酱,"良曲,耳机与蝉时雨,VOCALOID,字幕付,IA,ORANGESTAR,イヤホンと蝉时雨",VOCALOID·UTAU,84231,ia_music,False,False,music_signal
BV16x411w76F,1,【IA】日本橋高架下R計画 【动画MV】,Lynn_Campbell_,"VOCALOID3,自然の敌P,日本桥高架下R计画,日本桥Rプロ,SM17456703,VOCALOID,じん,IA",VOCALOID·UTAU,83039,ia_music,False,False,music_signal
BV1fJ411Q7X8,1,【IA】泡沫金魚【rulu】,妄想Delusions,"IA,rulu,こむぎこ2000",VOCALOID·UTAU,80521,ia_music,False,False,music_signal
BV1ai4y1e7gF,1,【ルカミクグミIAリン】CR詠ZY【梅とら】,阿赫official,"初音未来,GUMI,镜音铃,巡音流歌,梅とら,IA,世界计划 多彩舞台,CR詠ZY",VOCALOID·UTAU,80316,ia_music,True,False,music_signal
BV1Qj411C77a,1,【10周年完整版】アスノヨゾラ哨戒班(明日的夜空哨戒班) 中日字幕,BEI___,"V家,VOCALOID,LIVE,虚拟歌姬,IA,イア,蜜柑星,橙星,Orangestar,伊爱",VOCALOID·UTAU,78548,ia_music,False,False,music_signal
BV16W411g7YX,1474,少年は教室がきらいだったのだ／歌、IA_sm16429950,neneneneneneneko,"MAYU,MEIKO,巡音ルカ,結月ゆかり,VOCALOID殿堂入り,初音ミク,鏡音リン,IA,GUMI",VOCALOID·UTAU,18,ia_music,False,False,music_signal
BV16W411g7YX,1516,【IA】塵塵呪詛(チリチリジュソ)【オリジナル曲】_sm16802077,neneneneneneneko,"MAYU,MEIKO,巡音ルカ,結月ゆかり,VOCALOID殿堂入り,初音ミク,鏡音リン,IA,GUMI",VOCALOID·UTAU,18,ia_music,False,False,music_signal
BV16W411g7YX,1517,【IA】星追フロンティア【オリジナル曲】_sm16805108,neneneneneneneko,"MAYU,MEIKO,巡音ルカ,結月ゆかり,VOCALOID殿堂入り,初音ミク,鏡音リン,IA,GUMI",VOCALOID·UTAU,18,ia_music,False,False,music_signal
BV16W411g7YX,1518,IAオリジナル曲　『Ref-Rain』_sm16805471,neneneneneneneko,"MAYU,MEIKO,巡音ルカ,結月ゆかり,VOCALOID殿堂入り,初音ミク,鏡音リン,IA,GUMI",VOCALOID·UTAU,18,ia_music,False,False,music_signal
BV16W411g7YX,1520,【IA】ライア【オリジナル曲】_sm16807748,neneneneneneneko,"MAYU,MEIKO,巡音ルカ,結月ゆかり,VOCALOID殿堂入り,初音ミク,鏡音リン,IA,GUMI",VOCALOID·UTAU,18,ia_music,False,False,music_signal
BV16W411g7YX,1523,VOCALOID3 IA「blessed child」(オリジナル曲)_sm16817021,neneneneneneneko,"MAYU,MEIKO,巡音ルカ,結月ゆかり,VOCALOID殿堂入り,初音ミク,鏡音リン,IA,GUMI",VOCALOID·UTAU,18,ia_music,False,False,music_signal
BV16W411g7YX,1525,IA「イアイア★ナイトオブデザイア」【オリジナル曲】_sm16829416,neneneneneneneko,"MAYU,MEIKO,巡音ルカ,結月ゆかり,VOCALOID殿堂入り,初音ミク,鏡音リン,IA,GUMI",VOCALOID·UTAU,18,ia_music,False,False,music_signal
BV16W411g7YX,1564,【 IA 】 現実的論理主義者 【オリジナル】_sm17191781,neneneneneneneko,"MAYU,MEIKO,巡音ルカ,結月ゆかり,VOCALOID殿堂入り,初音ミク,鏡音リン,IA,GUMI",VOCALOID·UTAU,18,ia_music,False,False,music_signal
BV16W411g7YX,1608,君はいなせなガール／歌、IAとmiki_sm17536640,neneneneneneneko,"MAYU,MEIKO,巡音ルカ,結月ゆかり,VOCALOID殿堂入り,初音ミク,鏡音リン,IA,GUMI",VOCALOID·UTAU,18,ia_music,False,False,music_signal
BV16W411g7YX,1630,釘バットギャングの日常～下北編～／歌、IA_sm17656208,neneneneneneneko,"MAYU,MEIKO,巡音ルカ,結月ゆかり,VOCALOID殿堂入り,初音ミク,鏡音リン,IA,GUMI",VOCALOID·UTAU,18,ia_music,False,False,music_signal
BV16W411g7YX,1637,【IAオリジナル曲】ひねくれネジと雨【MV】_sm17755574,neneneneneneneko,"MAYU,MEIKO,巡音ルカ,結月ゆかり,VOCALOID殿堂入り,初音ミク,鏡音リン,IA,GUMI",VOCALOID·UTAU,18,ia_music,False,False,music_signal
BV16W411g7YX,1642,【IA】孤独ノ隠レンボ【終焉ノ栞プロジェクト】_sm17804161,neneneneneneneko,"MAYU,MEIKO,巡音ルカ,結月ゆかり,VOCALOID殿堂入り,初音ミク,鏡音リン,IA,GUMI",VOCALOID·UTAU,18,ia_music,False,False,music_signal
BV16W411g7YX,1671,サカナ暮らし／歌、IAとmiki_sm18016451,neneneneneneneko,"MAYU,MEIKO,巡音ルカ,結月ゆかり,VOCALOID殿堂入り,初音ミク,鏡音リン,IA,GUMI",VOCALOID·UTAU,18,ia_music,False,False,music_signal
BV16W411g7YX,1677,【IA】ニセモノ注意報【終焉ノ栞プロジェクト】_sm18060733,neneneneneneneko,"MAYU,MEIKO,巡音ルカ,結月ゆかり,VOCALOID殿堂入り,初音ミク,鏡音リン,IA,GUMI",VOCALOID·UTAU,18,ia_music,False,False,music_signal
BV16W411g7YX,1692,IAオリジナル曲 『Re;BIRTH』_sm18185556,neneneneneneneko,"MAYU,MEIKO,巡音ルカ,結月ゆかり,VOCALOID殿堂入り,初音ミク,鏡音リン,IA,GUMI",VOCALOID·UTAU,18,ia_music,False,False,music_signal
BV16W411g7YX,1703,【結月ゆかり&IA】RENTICA【オリジナル】_sm18212448,neneneneneneneko,"MAYU,MEIKO,巡音ルカ,結月ゆかり,VOCALOID殿堂入り,初音ミク,鏡音リン,IA,GUMI",VOCALOID·UTAU,18,ia_music,False,False,music_signal
BV16W411g7YX,1732,【IA・初音ミク】鏡花水月【オリジナル】_sm18425761,neneneneneneneko,"MAYU,MEIKO,巡音ルカ,結月ゆかり,VOCALOID殿堂入り,初音ミク,鏡音リン,IA,GUMI",VOCALOID·UTAU,18,ia_music,False,False,music_signal
BV16W411g7YX,1784,【IA】恋椿姫【オリジナル】_sm18849278,neneneneneneneko,"MAYU,MEIKO,巡音ルカ,結月ゆかり,VOCALOID殿堂入り,初音ミク,鏡音リン,IA,GUMI",VOCALOID·UTAU,18,ia_music,False,False,music_signal
BV16W411g7YX,1790,【IA】夕暮れ蝉日記【オリジナル曲】_sm18897678,neneneneneneneko,"MAYU,MEIKO,巡音ルカ,結月ゆかり,VOCALOID殿堂入り,初音ミク,鏡音リン,IA,GUMI",VOCALOID·UTAU,18,ia_music,False,False,music_signal
BV16W411g7YX,1796,【IA】 ロンリーチャイルド 【オリジナル】_sm18965430,neneneneneneneko,"MAYU,MEIKO,巡音ルカ,結月ゆかり,VOCALOID殿堂入り,初音ミク,鏡音リン,IA,GUMI",VOCALOID·UTAU,18,ia_music,False,False,music_signal
BV16W411g7YX,1819,魔法電車とキライちゃん／歌、IAとmiki_sm19098494,neneneneneneneko,"MAYU,MEIKO,巡音ルカ,結月ゆかり,VOCALOID殿堂入り,初音ミク,鏡音リン,IA,GUMI",VOCALOID·UTAU,18,ia_music,False,False,music_signal
BV16W411g7YX,1833,【綿飴_feat.IA】 四季刻歌 【オリジナルPV】_sm19179814,neneneneneneneko,"MAYU,MEIKO,巡音ルカ,結月ゆかり,VOCALOID殿堂入り,初音ミク,鏡音リン,IA,GUMI",VOCALOID·UTAU,18,ia_music,False,False,music_signal
BV16W411g7YX,1838,【IA】猿マネ椅子盗りゲーム【終焉ノ栞プロジェクト】_sm19216490,neneneneneneneko,"MAYU,MEIKO,巡音ルカ,結月ゆかり,VOCALOID殿堂入り,初音ミク,鏡音リン,IA,GUMI",VOCALOID·UTAU,18,ia_music,False,False,music_signal
BV16W411g7YX,1844,【IA】哀傷歌コンテキスト【オリジナル曲_MV】_sm19259107,neneneneneneneko,"MAYU,MEIKO,巡音ルカ,結月ゆかり,VOCALOID殿堂入り,初音ミク,鏡音リン,IA,GUMI",VOCALOID·UTAU,18,ia_music,False,False,music_signal
BV16W411g7YX,1845,【IA】ワールド・コーリング【オリジナルPV】_sm19262932,neneneneneneneko,"MAYU,MEIKO,巡音ルカ,結月ゆかり,VOCALOID殿堂入り,初音ミク,鏡音リン,IA,GUMI",VOCALOID·UTAU,18,ia_music,False,False,music_signal
BV16W411g7YX,1849,【IA】LIVEDRIVE【オリジナルPV】_sm19315653,neneneneneneneko,"MAYU,MEIKO,巡音ルカ,結月ゆかり,VOCALOID殿堂入り,初音ミク,鏡音リン,IA,GUMI",VOCALOID·UTAU,18,ia_music,False,False,music_signal
BV16W411g7YX,1864,【IA】「Ib」-again-【オリジナルPV】_sm19471920,neneneneneneneko,"MAYU,MEIKO,巡音ルカ,結月ゆかり,VOCALOID殿堂入り,初音ミク,鏡音リン,IA,GUMI",VOCALOID·UTAU,18,ia_music,False,False,music_signal
BV16W411g7YX,1867,【MAYU ＆ IA】イノベーション【オリジナルPV】_sm19479671,neneneneneneneko,"MAYU,MEIKO,巡音ルカ,結月ゆかり,VOCALOID殿堂入り,初音ミク,鏡音リン,IA,GUMI",VOCALOID·UTAU,18,ia_music,False,False,music_signal
BV16W411g7YX,1871,【IA】仇返しシンドローム【オリジナル曲】_sm19509983,neneneneneneneko,"MAYU,MEIKO,巡音ルカ,結月ゆかり,VOCALOID殿堂入り,初音ミク,鏡音リン,IA,GUMI",VOCALOID·UTAU,18,ia_music,False,False,music_signal
BV16W411g7YX,1892,【IA】リミテル感覚少年【オリジナルPV】_sm19633128,neneneneneneneko,"MAYU,MEIKO,巡音ルカ,結月ゆかり,VOCALOID殿堂入り,初音ミク,鏡音リン,IA,GUMI",VOCALOID·UTAU,18,ia_music,False,False,music_signal
BV16W411g7YX,1893,【IA】「世界を愛する瞬間に」【オリジナル】_sm19634718,neneneneneneneko,"MAYU,MEIKO,巡音ルカ,結月ゆかり,VOCALOID殿堂入り,初音ミク,鏡音リン,IA,GUMI",VOCALOID·UTAU,18,ia_music,False,False,music_signal
BV16W411g7YX,1900,┗_∵_┓ロクベル／HoneyWorks feat.IA_sm19670267,neneneneneneneko,"MAYU,MEIKO,巡音ルカ,結月ゆかり,VOCALOID殿堂入り,初音ミク,鏡音リン,IA,GUMI",VOCALOID·UTAU,18,ia_music,False,False,music_signal
BV16W411g7YX,1933,【IA】キミのことが好きでゴメンナサイ【オリジナル】_sm19904452,neneneneneneneko,"MAYU,MEIKO,巡音ルカ,結月ゆかり,VOCALOID殿堂入り,初音ミク,鏡音リン,IA,GUMI",VOCALOID·UTAU,18,ia_music,False,False,music_signal
BV16W411g7YX,1935,【綿飴_feat.IA】 星屑ノ桃源郷 【オリジナルPV】_sm19911849,neneneneneneneko,"MAYU,MEIKO,巡音ルカ,結月ゆかり,VOCALOID殿堂入り,初音ミク,鏡音リン,IA,GUMI",VOCALOID·UTAU,18,ia_music,False,False,music_signal
BV16W411g7YX,1938,ばいばいスーパースター／歌、IA_sm19923618,neneneneneneneko,"MAYU,MEIKO,巡音ルカ,結月ゆかり,VOCALOID殿堂入り,初音ミク,鏡音リン,IA,GUMI",VOCALOID·UTAU,18,ia_music,False,False,music_signal
BV16W411g7YX,1939,【IA】 影炎≒Variation 【オリジナルPV】_sm19940549,neneneneneneneko,"MAYU,MEIKO,巡音ルカ,結月ゆかり,VOCALOID殿堂入り,初音ミク,鏡音リン,IA,GUMI",VOCALOID·UTAU,18,ia_music,False,False,music_signal
BV16W411g7YX,1955,【IA】クラウドライダー【オリジナルPV】_1360234832,neneneneneneneko,"MAYU,MEIKO,巡音ルカ,結月ゆかり,VOCALOID殿堂入り,初音ミク,鏡音リン,IA,GUMI",VOCALOID·UTAU,18,ia_music,False,False,music_signal
BV16W411g7YX,1956,【IA】アメリカ【オリジナル】_sm20035012,neneneneneneneko,"MAYU,MEIKO,巡音ルカ,結月ゆかり,VOCALOID殿堂入り,初音ミク,鏡音リン,IA,GUMI",VOCALOID·UTAU,18,ia_music,False,False,music_signal
BV16W411g7YX,1958,【IA】 Dice Dance 【オリジナル曲・PV】_sm20047483,neneneneneneneko,"MAYU,MEIKO,巡音ルカ,結月ゆかり,VOCALOID殿堂入り,初音ミク,鏡音リン,IA,GUMI",VOCALOID·UTAU,18,ia_music,False,False,music_signal
BV16W411g7YX,1962,リスタート feat.結月ゆかり、IA_sm20080773,neneneneneneneko,"MAYU,MEIKO,巡音ルカ,結月ゆかり,VOCALOID殿堂入り,初音ミク,鏡音リン,IA,GUMI",VOCALOID·UTAU,18,ia_music,False,False,music_signal
BV16W411g7YX,1975,【綿飴_feat.IA】 単色世界 【オリジナルPV】_sm20182041,neneneneneneneko,"MAYU,MEIKO,巡音ルカ,結月ゆかり,VOCALOID殿堂入り,初音ミク,鏡音リン,IA,GUMI",VOCALOID·UTAU,18,ia_music,False,False,music_signal
BV16W411g7YX,1977,【IA】鴨川桜の舞扇【オリジナル和風PV】_sm20191815,neneneneneneneko,"MAYU,MEIKO,巡音ルカ,結月ゆかり,VOCALOID殿堂入り,初音ミク,鏡音リン,IA,GUMI",VOCALOID·UTAU,18,ia_music,False,False,music_signal
BV16W411g7YX,1993,【IA】I Want You - Mighty Mighty Ft VOCALOID IA【オリジナル曲】_sm20311164,neneneneneneneko,"MAYU,MEIKO,巡音ルカ,結月ゆかり,VOCALOID殿堂入り,初音ミク,鏡音リン,IA,GUMI",VOCALOID·UTAU,18,ia_music,False,False,music_signal
BV16W411g7YX,1998,【IA】少女自傷癖【オリジナル】_sm20341349,neneneneneneneko,"MAYU,MEIKO,巡音ルカ,結月ゆかり,VOCALOID殿堂入り,初音ミク,鏡音リン,IA,GUMI",VOCALOID·UTAU,18,ia_music,False,False,music_signal
BV16W411g7YX,1999,【IA】負け犬至上主義【オリジナル曲・PV付】_sm20350758,neneneneneneneko,"MAYU,MEIKO,巡音ルカ,結月ゆかり,VOCALOID殿堂入り,初音ミク,鏡音リン,IA,GUMI",VOCALOID·UTAU,18,ia_music,False,False,music_signal
BV16W411g7YX,2014,【GUMI+IA】　不毛！　【PTL0★】_sm20433229,neneneneneneneko,"MAYU,MEIKO,巡音ルカ,結月ゆかり,VOCALOID殿堂入り,初音ミク,鏡音リン,IA,GUMI",VOCALOID·UTAU,18,ia_music,False,False,music_signal
BV16W411g7YX,2058,（ IA＾ω＾）東　京　リ　ア　ル　ワ　ー　ル　ド（ ＾ω＾PV）_sm20682975,neneneneneneneko,"MAYU,MEIKO,巡音ルカ,結月ゆかり,VOCALOID殿堂入り,初音ミク,鏡音リン,IA,GUMI",VOCALOID·UTAU,18,ia_music,False,False,music_signal
BV16W411g7YX,2064,【IA】ヤクビョウガミ【オリジナル曲】_sm20694465,neneneneneneneko,"MAYU,MEIKO,巡音ルカ,結月ゆかり,VOCALOID殿堂入り,初音ミク,鏡音リン,IA,GUMI",VOCALOID·UTAU,18,ia_music,False,False,music_signal
BV16W411g7YX,2079,"【MV】HΨ=世界創造=EΨ _ 黒猫アンティーク feat.IA,GUMI_sm20855427",neneneneneneneko,"MAYU,MEIKO,巡音ルカ,結月ゆかり,VOCALOID殿堂入り,初音ミク,鏡音リン,IA,GUMI",VOCALOID·UTAU,18,ia_music,False,False,music_signal
BV16W411g7YX,2084,【IA】I Love You - Masakey Ft IA【オリジナル曲】_sm20885439,neneneneneneneko,"MAYU,MEIKO,巡音ルカ,結月ゆかり,VOCALOID殿堂入り,初音ミク,鏡音リン,IA,GUMI",VOCALOID·UTAU,18,ia_music,False,False,music_signal
BV16W411g7YX,2088,【ルカ ミク グミ IA リン】 jewel 【オリジナル】_sm20907526,neneneneneneneko,"MAYU,MEIKO,巡音ルカ,結月ゆかり,VOCALOID殿堂入り,初音ミク,鏡音リン,IA,GUMI",VOCALOID·UTAU,18,ia_music,False,False,music_signal
BV16W411g7YX,2091,【IA】かくしごと【オリジナル曲】_sm20937824,neneneneneneneko,"MAYU,MEIKO,巡音ルカ,結月ゆかり,VOCALOID殿堂入り,初音ミク,鏡音リン,IA,GUMI",VOCALOID·UTAU,18,ia_music,False,False,music_signal
BV16W411g7YX,2100,【ルカ ミク グミ IA リン】未来永劫【オリジナル】_sm21021649,neneneneneneneko,"MAYU,MEIKO,巡音ルカ,結月ゆかり,VOCALOID殿堂入り,初音ミク,鏡音リン,IA,GUMI",VOCALOID·UTAU,18,ia_music,False,False,music_signal
BV16W411g7YX,2101,【IA×巡音ルカ】アッパーチューン【オリジナル】_sm21022894,neneneneneneneko,"MAYU,MEIKO,巡音ルカ,結月ゆかり,VOCALOID殿堂入り,初音ミク,鏡音リン,IA,GUMI",VOCALOID·UTAU,18,ia_music,False,False,music_signal
BV16W411g7YX,2104,【GUMI+IA】　スカイクロウラー　【PTL0★】_sm21031243,neneneneneneneko,"MAYU,MEIKO,巡音ルカ,結月ゆかり,VOCALOID殿堂入り,初音ミク,鏡音リン,IA,GUMI",VOCALOID·UTAU,18,ia_music,False,False,music_signal
BV16W411g7YX,2112,【IA】箱庭の夢【オリジナル】_sm21092119,neneneneneneneko,"MAYU,MEIKO,巡音ルカ,結月ゆかり,VOCALOID殿堂入り,初音ミク,鏡音リン,IA,GUMI",VOCALOID·UTAU,18,ia_music,False,False,music_signal
BV16W411g7YX,2118,【IA】泣き虫ピエロ【オリジナル】_sm21121747,neneneneneneneko,"MAYU,MEIKO,巡音ルカ,結月ゆかり,VOCALOID殿堂入り,初音ミク,鏡音リン,IA,GUMI",VOCALOID·UTAU,18,ia_music,False,False,music_signal
BV16W411g7YX,2127,【IA】 流星&Gradation 【オリジナルMV】_sm21167051,neneneneneneneko,"MAYU,MEIKO,巡音ルカ,結月ゆかり,VOCALOID殿堂入り,初音ミク,鏡音リン,IA,GUMI",VOCALOID·UTAU,18,ia_music,False,False,music_signal
BV16W411g7YX,2128,【綿飴_feat.IA】 鋼鉄ノ鳥 【オリジナルMV】_sm21174960,neneneneneneneko,"MAYU,MEIKO,巡音ルカ,結月ゆかり,VOCALOID殿堂入り,初音ミク,鏡音リン,IA,GUMI",VOCALOID·UTAU,18,ia_music,False,False,music_signal
BV16W411g7YX,2135,【調教頑張った】　chord liner　【IAオリジナルMV】_sm21257040,neneneneneneneko,"MAYU,MEIKO,巡音ルカ,結月ゆかり,VOCALOID殿堂入り,初音ミク,鏡音リン,IA,GUMI",VOCALOID·UTAU,18,ia_music,False,False,music_signal
BV16W411g7YX,2139,【IA】真夏と少年の天ノ川戦争【オリジナル】_sm21293261,neneneneneneneko,"MAYU,MEIKO,巡音ルカ,結月ゆかり,VOCALOID殿堂入り,初音ミク,鏡音リン,IA,GUMI",VOCALOID·UTAU,18,ia_music,False,False,music_signal
BV16W411g7YX,2177,【IA】夢花火【オリジナル曲】_sm21489609,neneneneneneneko,"MAYU,MEIKO,巡音ルカ,結月ゆかり,VOCALOID殿堂入り,初音ミク,鏡音リン,IA,GUMI",VOCALOID·UTAU,18,ia_music,False,False,music_signal
BV16W411g7YX,2182,ワンツーハロー／歌、IA_sm21532062,neneneneneneneko,"MAYU,MEIKO,巡音ルカ,結月ゆかり,VOCALOID殿堂入り,初音ミク,鏡音リン,IA,GUMI",VOCALOID·UTAU,18,ia_music,False,False,music_signal
BV16W411g7YX,2188,【 IA feat MMG 】 星空のライオン 【MMD-PV】_sm21550098,neneneneneneneko,"MAYU,MEIKO,巡音ルカ,結月ゆかり,VOCALOID殿堂入り,初音ミク,鏡音リン,IA,GUMI",VOCALOID·UTAU,18,ia_music,False,False,music_signal
BV16W411g7YX,2190,【IA】終焉ノ栞【終焉ノ栞プロジェクト】_sm21552346,neneneneneneneko,"MAYU,MEIKO,巡音ルカ,結月ゆかり,VOCALOID殿堂入り,初音ミク,鏡音リン,IA,GUMI",VOCALOID·UTAU,18,ia_music,False,False,music_signal
BV16W411g7YX,2217,【IAぼかりす調教】午前４時の金星【オリジナル曲】_sm21758798,neneneneneneneko,"MAYU,MEIKO,巡音ルカ,結月ゆかり,VOCALOID殿堂入り,初音ミク,鏡音リン,IA,GUMI",VOCALOID·UTAU,18,ia_music,False,False,music_signal
BV16W411g7YX,2218,【ミク・リン・レン・GUMI・IA】 ミュージックラウンド 【オリジナルMV】_sm21761823,neneneneneneneko,"MAYU,MEIKO,巡音ルカ,結月ゆかり,VOCALOID殿堂入り,初音ミク,鏡音リン,IA,GUMI",VOCALOID·UTAU,18,ia_music,False,False,music_signal
BV16W411g7YX,2219,M'AIDER遭難ガール feat. IA _ out of survice_sm21755565,neneneneneneneko,"MAYU,MEIKO,巡音ルカ,結月ゆかり,VOCALOID殿堂入り,初音ミク,鏡音リン,IA,GUMI",VOCALOID·UTAU,18,ia_music,False,False,music_signal
BV16W411g7YX,2221,【IA】絶境パラノイア【オリジナル】_sm21797925,neneneneneneneko,"MAYU,MEIKO,巡音ルカ,結月ゆかり,VOCALOID殿堂入り,初音ミク,鏡音リン,IA,GUMI",VOCALOID·UTAU,18,ia_music,False,False,music_signal
BV16W411g7YX,2249,【IA+GUMI】夕暮れジェットソン【PTL0★】_sm21993386,neneneneneneneko,"MAYU,MEIKO,巡音ルカ,結月ゆかり,VOCALOID殿堂入り,初音ミク,鏡音リン,IA,GUMI",VOCALOID·UTAU,18,ia_music,False,False,music_signal
BV16W411g7YX,2259,【GUMI・IA・MAYU】しゃばでぃーば【オリジナル】_sm22061770,neneneneneneneko,"MAYU,MEIKO,巡音ルカ,結月ゆかり,VOCALOID殿堂入り,初音ミク,鏡音リン,IA,GUMI",VOCALOID·UTAU,18,ia_music,False,False,music_signal
BV16W411g7YX,2264,【IA】セツナドライブ｜滝 善充（9mm Parabellum Bullet）_so22111664,neneneneneneneko,"MAYU,MEIKO,巡音ルカ,結月ゆかり,VOCALOID殿堂入り,初音ミク,鏡音リン,IA,GUMI",VOCALOID·UTAU,18,ia_music,False,False,music_signal
BV16W411g7YX,2270,【IA】夢の空き地【オリジナル曲】_sm22160856,neneneneneneneko,"MAYU,MEIKO,巡音ルカ,結月ゆかり,VOCALOID殿堂入り,初音ミク,鏡音リン,IA,GUMI",VOCALOID·UTAU,18,ia_music,False,False,music_signal
BV16W411g7YX,2273,ゲラゲラと笑うな／歌、IA_sm22167866,neneneneneneneko,"MAYU,MEIKO,巡音ルカ,結月ゆかり,VOCALOID殿堂入り,初音ミク,鏡音リン,IA,GUMI",VOCALOID·UTAU,18,ia_music,False,False,music_signal
BV16W411g7YX,2281,【IA】アイルの偶発的事情【オリジナルMV】_sm21897749,neneneneneneneko,"MAYU,MEIKO,巡音ルカ,結月ゆかり,VOCALOID殿堂入り,初音ミク,鏡音リン,IA,GUMI",VOCALOID·UTAU,18,ia_music,False,False,music_signal
BV16W411g7YX,2291,【GUMI・IA・MAYU】あめがふれば【オリジナル】_sm22303287,neneneneneneneko,"MAYU,MEIKO,巡音ルカ,結月ゆかり,VOCALOID殿堂入り,初音ミク,鏡音リン,IA,GUMI",VOCALOID·UTAU,18,ia_music,False,False,music_signal
BV16W411g7YX,2311,【IA feat. 鏡音リン】すーぱーぬこわーるど【オリジナル曲】_sm22491239,neneneneneneneko,"MAYU,MEIKO,巡音ルカ,結月ゆかり,VOCALOID殿堂入り,初音ミク,鏡音リン,IA,GUMI",VOCALOID·UTAU,18,ia_music,False,False,music_signal
BV16W411g7YX,2326,「One Step Ahead」 - KEI feat.IA_sm22620584,neneneneneneneko,"MAYU,MEIKO,巡音ルカ,結月ゆかり,VOCALOID殿堂入り,初音ミク,鏡音リン,IA,GUMI",VOCALOID·UTAU,18,ia_music,False,False,music_signal
BV16W411g7YX,2339,【IA】永眠童話【オリジナル曲】_sm22765167,neneneneneneneko,"MAYU,MEIKO,巡音ルカ,結月ゆかり,VOCALOID殿堂入り,初音ミク,鏡音リン,IA,GUMI",VOCALOID·UTAU,18,ia_music,False,False,music_signal
BV16W411g7YX,2340,【IA・鏡音リン】Anti the EuphoriaHOLiC (from幻奏楽土小説版)_sm22777981,neneneneneneneko,"MAYU,MEIKO,巡音ルカ,結月ゆかり,VOCALOID殿堂入り,初音ミク,鏡音リン,IA,GUMI",VOCALOID·UTAU,18,ia_music,False,False,music_signal
BV16W411g7YX,2342,【IA】未完成タイムリミッター【オリジナル】_sm22792311,neneneneneneneko,"MAYU,MEIKO,巡音ルカ,結月ゆかり,VOCALOID殿堂入り,初音ミク,鏡音リン,IA,GUMI",VOCALOID·UTAU,18,ia_music,False,False,music_signal
BV16W411g7YX,2346,【ルカミクグミIAリン】FLASH BACK【オリジナル_梅とら】_sm22799924,neneneneneneneko,"MAYU,MEIKO,巡音ルカ,結月ゆかり,VOCALOID殿堂入り,初音ミク,鏡音リン,IA,GUMI",VOCALOID·UTAU,18,ia_music,False,False,music_signal
BV16W411g7YX,2347,【GUMI+IA】 月に戯言 【PTL0★】_sm22815244,neneneneneneneko,"MAYU,MEIKO,巡音ルカ,結月ゆかり,VOCALOID殿堂入り,初音ミク,鏡音リン,IA,GUMI",VOCALOID·UTAU,18,ia_music,False,False,music_signal
BV16W411g7YX,2362,【初音ミク・IA】Rabbit【オリジナルPV_一億円P】_sm22931255,neneneneneneneko,"MAYU,MEIKO,巡音ルカ,結月ゆかり,VOCALOID殿堂入り,初音ミク,鏡音リン,IA,GUMI",VOCALOID·UTAU,18,ia_music,False,False,music_signal
BV16W411g7YX,2370,【IA】夢日記【オリジナル・MV】_sm22983164,neneneneneneneko,"MAYU,MEIKO,巡音ルカ,結月ゆかり,VOCALOID殿堂入り,初音ミク,鏡音リン,IA,GUMI",VOCALOID·UTAU,18,ia_music,False,False,music_signal
BV16W411g7YX,2390,【IA】空想世界とオモチャの心臓【オリジナル曲】_sm23253153,neneneneneneneko,"MAYU,MEIKO,巡音ルカ,結月ゆかり,VOCALOID殿堂入り,初音ミク,鏡音リン,IA,GUMI",VOCALOID·UTAU,18,ia_music,False,False,music_signal
BV16W411g7YX,2400,【IA】ナイトの正夢【オリジナル】_sm23355609,neneneneneneneko,"MAYU,MEIKO,巡音ルカ,結月ゆかり,VOCALOID殿堂入り,初音ミク,鏡音リン,IA,GUMI",VOCALOID·UTAU,18,ia_music,False,False,music_signal
BV16W411g7YX,2407,【IA】光と闇の輪郭～フルver～【オリジナルPV】_sm23375206,neneneneneneneko,"MAYU,MEIKO,巡音ルカ,結月ゆかり,VOCALOID殿堂入り,初音ミク,鏡音リン,IA,GUMI",VOCALOID·UTAU,18,ia_music,False,False,music_signal
BV16W411g7YX,2432,【IA ROCKS】Inner Arts【オリジナルMV】_sm23612988,neneneneneneneko,"MAYU,MEIKO,巡音ルカ,結月ゆかり,VOCALOID殿堂入り,初音ミク,鏡音リン,IA,GUMI",VOCALOID·UTAU,18,ia_music,False,False,music_signal
BV16W411g7YX,2433,【IA】 シニタイちゃん 【オリジナルMV】_sm23636447,neneneneneneneko,"MAYU,MEIKO,巡音ルカ,結月ゆかり,VOCALOID殿堂入り,初音ミク,鏡音リン,IA,GUMI",VOCALOID·UTAU,18,ia_music,False,False,music_signal
BV16W411g7YX,2441,【初音ミク・IA】　デリヘル呼んだら君が来た　【オリジナル】_sm23743672,neneneneneneneko,"MAYU,MEIKO,巡音ルカ,結月ゆかり,VOCALOID殿堂入り,初音ミク,鏡音リン,IA,GUMI",VOCALOID·UTAU,18,ia_music,False,False,music_signal
BV16W411g7YX,2443,【ルカミクグミIAリン】疑心暗鬼【オリジナルMV_梅とら】_sm23769673,neneneneneneneko,"MAYU,MEIKO,巡音ルカ,結月ゆかり,VOCALOID殿堂入り,初音ミク,鏡音リン,IA,GUMI",VOCALOID·UTAU,18,ia_music,False,False,music_signal
BV16W411g7YX,2446,【IA】　ITYNITED IDENTITY　【オリジナル】_sm23807328,neneneneneneneko,"MAYU,MEIKO,巡音ルカ,結月ゆかり,VOCALOID殿堂入り,初音ミク,鏡音リン,IA,GUMI",VOCALOID·UTAU,18,ia_music,False,False,music_signal
BV16W411g7YX,2449,【IA ROCKS】慟哭吸血鬼【オリジナル曲】_sm23821129,neneneneneneneko,"MAYU,MEIKO,巡音ルカ,結月ゆかり,VOCALOID殿堂入り,初音ミク,鏡音リン,IA,GUMI",VOCALOID·UTAU,18,ia_music,False,False,music_signal
BV16W411g7YX,2453,【IA ROCKS+IA】 死神のギター 【PTL0★】_sm23857726,neneneneneneneko,"MAYU,MEIKO,巡音ルカ,結月ゆかり,VOCALOID殿堂入り,初音ミク,鏡音リン,IA,GUMI",VOCALOID·UTAU,18,ia_music,False,False,music_signal
BV16W411g7YX,2460,【IA ROCKS】 ブラッディ　グラビティ 【オリジナル】_sm23904035,neneneneneneneko,"MAYU,MEIKO,巡音ルカ,結月ゆかり,VOCALOID殿堂入り,初音ミク,鏡音リン,IA,GUMI",VOCALOID·UTAU,18,ia_music,False,False,music_signal
BV16W411g7YX,2467,【IA ROCKS】セツナドライブ【オリジナル】_1405243575,neneneneneneneko,"MAYU,MEIKO,巡音ルカ,結月ゆかり,VOCALOID殿堂入り,初音ミク,鏡音リン,IA,GUMI",VOCALOID·UTAU,18,ia_music,False,False,music_signal
BV16W411g7YX,2490,【IA】林檎花火とソーダの海【オリジナル曲】_sm24205476,neneneneneneneko,"MAYU,MEIKO,巡音ルカ,結月ゆかり,VOCALOID殿堂入り,初音ミク,鏡音リン,IA,GUMI",VOCALOID·UTAU,18,ia_music,False,False,music_signal
BV16W411g7YX,2507,【IA ROCKS】サービス残業【オリジナル曲】_sm24431979,neneneneneneneko,"MAYU,MEIKO,巡音ルカ,結月ゆかり,VOCALOID殿堂入り,初音ミク,鏡音リン,IA,GUMI",VOCALOID·UTAU,18,ia_music,False,False,music_signal
BV16W411g7YX,2524,【IA】戯曲とデフォルメ都市【オリジナル曲】_sm24623249,neneneneneneneko,"MAYU,MEIKO,巡音ルカ,結月ゆかり,VOCALOID殿堂入り,初音ミク,鏡音リン,IA,GUMI",VOCALOID·UTAU,18,ia_music,False,False,music_signal
BV16W411g7YX,2525,【IA】雨き声残響【オリジナル】_sm24626484,neneneneneneneko,"MAYU,MEIKO,巡音ルカ,結月ゆかり,VOCALOID殿堂入り,初音ミク,鏡音リン,IA,GUMI",VOCALOID·UTAU,18,ia_music,False,False,music_signal
BV16W411g7YX,2536,サンデーミナミパーク／歌、ROCKSなIA_sm24712348,neneneneneneneko,"MAYU,MEIKO,巡音ルカ,結月ゆかり,VOCALOID殿堂入り,初音ミク,鏡音リン,IA,GUMI",VOCALOID·UTAU,18,ia_music,False,False,music_signal
BV16W411g7YX,2546,【IA】  キメラ  【MV】_sm24808556,neneneneneneneko,"MAYU,MEIKO,巡音ルカ,結月ゆかり,VOCALOID殿堂入り,初音ミク,鏡音リン,IA,GUMI",VOCALOID·UTAU,18,ia_music,False,False,music_signal
BV16W411g7YX,2561,【きくお】塵塵呪詛 - second curse - 【IA】_sm24974111,neneneneneneneko,"MAYU,MEIKO,巡音ルカ,結月ゆかり,VOCALOID殿堂入り,初音ミク,鏡音リン,IA,GUMI",VOCALOID·UTAU,18,ia_music,False,False,music_signal
BV16W411g7YX,2563,オーヴァークロック ／ feat. IA ROCKS_sm25027572,neneneneneneneko,"MAYU,MEIKO,巡音ルカ,結月ゆかり,VOCALOID殿堂入り,初音ミク,鏡音リン,IA,GUMI",VOCALOID·UTAU,18,ia_music,False,False,music_signal
BV16W411g7YX,2574,【ルカミクグミIAリン】一騎当千【オリジナルMV_梅とら】_sm25086693,neneneneneneneko,"MAYU,MEIKO,巡音ルカ,結月ゆかり,VOCALOID殿堂入り,初音ミク,鏡音リン,IA,GUMI",VOCALOID·UTAU,18,ia_music,False,False,music_signal
BV16W411g7YX,2593,【IA】牆壁【オリジナル】_sm25251454,neneneneneneneko,"MAYU,MEIKO,巡音ルカ,結月ゆかり,VOCALOID殿堂入り,初音ミク,鏡音リン,IA,GUMI",VOCALOID·UTAU,18,ia_music,False,False,music_signal
BV16W411g7YX,2596,【IA】 ロベリアの追懐 【オリジナルMV】_sm25281874,neneneneneneneko,"MAYU,MEIKO,巡音ルカ,結月ゆかり,VOCALOID殿堂入り,初音ミク,鏡音リン,IA,GUMI",VOCALOID·UTAU,18,ia_music,False,False,music_signal
BV16W411g7YX,2606,【IA】　心じゃきっと分かっていた　【オリジナル】_sm25403250,neneneneneneneko,"MAYU,MEIKO,巡音ルカ,結月ゆかり,VOCALOID殿堂入り,初音ミク,鏡音リン,IA,GUMI",VOCALOID·UTAU,18,ia_music,False,False,music_signal
BV16W411g7YX,2608,【IA】扇歌コンシール【オリジナル】_sm25427225,neneneneneneneko,"MAYU,MEIKO,巡音ルカ,結月ゆかり,VOCALOID殿堂入り,初音ミク,鏡音リン,IA,GUMI",VOCALOID·UTAU,18,ia_music,False,False,music_signal
BV16W411g7YX,2617,FLOWER _ とあ feat. IA_sm25489388,neneneneneneneko,"MAYU,MEIKO,巡音ルカ,結月ゆかり,VOCALOID殿堂入り,初音ミク,鏡音リン,IA,GUMI",VOCALOID·UTAU,18,ia_music,False,False,music_signal
BV16W411g7YX,2624,サイコなわたし／歌、IA_sm25565367,neneneneneneneko,"MAYU,MEIKO,巡音ルカ,結月ゆかり,VOCALOID殿堂入り,初音ミク,鏡音リン,IA,GUMI",VOCALOID·UTAU,18,ia_music,False,False,music_signal
BV16W411g7YX,2625,【IA×初音ミク】空奏列車【オリジナル】_sm25630992,neneneneneneneko,"MAYU,MEIKO,巡音ルカ,結月ゆかり,VOCALOID殿堂入り,初音ミク,鏡音リン,IA,GUMI",VOCALOID·UTAU,18,ia_music,False,False,music_signal
BV16W411g7YX,2638,【GUMI+IA】闇夜のダンス【PTL0★】_sm25808292,neneneneneneneko,"MAYU,MEIKO,巡音ルカ,結月ゆかり,VOCALOID殿堂入り,初音ミク,鏡音リン,IA,GUMI",VOCALOID·UTAU,18,ia_music,False,False,music_signal
BV16W411g7YX,2644,【ルカミクグミIAリン】Love Me If You Can【オリジナル_梅とら】_sm25892554,neneneneneneneko,"MAYU,MEIKO,巡音ルカ,結月ゆかり,VOCALOID殿堂入り,初音ミク,鏡音リン,IA,GUMI",VOCALOID·UTAU,18,ia_music,False,False,music_signal
BV16W411g7YX,2652,【IA×ONE】CITRUS【オリジナル】_sm25950409,neneneneneneneko,"MAYU,MEIKO,巡音ルカ,結月ゆかり,VOCALOID殿堂入り,初音ミク,鏡音リン,IA,GUMI",VOCALOID·UTAU,18,ia_music,False,False,music_signal
BV16W411g7YX,2661,【ミク・リン・レン・IA・MAYU】忘却日記【オリジナル】_sm26055837,neneneneneneneko,"MAYU,MEIKO,巡音ルカ,結月ゆかり,VOCALOID殿堂入り,初音ミク,鏡音リン,IA,GUMI",VOCALOID·UTAU,18,ia_music,False,False,music_signal
BV16W411g7YX,2673,【Miku&IA】シークレットメタファー【オリジナル】_sm26231129,neneneneneneneko,"MAYU,MEIKO,巡音ルカ,結月ゆかり,VOCALOID殿堂入り,初音ミク,鏡音リン,IA,GUMI",VOCALOID·UTAU,18,ia_music,False,False,music_signal
BV16W411g7YX,2677,【IA】ハートの後味【オリジナル曲】_sm26310950,neneneneneneneko,"MAYU,MEIKO,巡音ルカ,結月ゆかり,VOCALOID殿堂入り,初音ミク,鏡音リン,IA,GUMI",VOCALOID·UTAU,18,ia_music,False,False,music_signal
BV16W411g7YX,2682,【ルカミクグミIAリン】四面楚歌【オリジナル_梅とら】_sm26367134,neneneneneneneko,"MAYU,MEIKO,巡音ルカ,結月ゆかり,VOCALOID殿堂入り,初音ミク,鏡音リン,IA,GUMI",VOCALOID·UTAU,18,ia_music,False,False,music_signal
BV16W411g7YX,2685,プラトニック・ラヴ／IA_sm26405032,neneneneneneneko,"MAYU,MEIKO,巡音ルカ,結月ゆかり,VOCALOID殿堂入り,初音ミク,鏡音リン,IA,GUMI",VOCALOID·UTAU,18,ia_music,False,False,music_signal
BV16W411g7YX,2703,【ミク・GUMI・リン・レン・IA】　初体験　【オリジナル】_sm26676296,neneneneneneneko,"MAYU,MEIKO,巡音ルカ,結月ゆかり,VOCALOID殿堂入り,初音ミク,鏡音リン,IA,GUMI",VOCALOID·UTAU,18,ia_music,False,False,music_signal
BV16W411g7YX,2704,【IA】Galaxy Night 【オリジナル】_sm26689748,neneneneneneneko,"MAYU,MEIKO,巡音ルカ,結月ゆかり,VOCALOID殿堂入り,初音ミク,鏡音リン,IA,GUMI",VOCALOID·UTAU,18,ia_music,False,False,music_signal
BV16W411g7YX,2708,【IA】やさしいおばけ話【終焉ノ栞プロジェクト】_sm26733840,neneneneneneneko,"MAYU,MEIKO,巡音ルカ,結月ゆかり,VOCALOID殿堂入り,初音ミク,鏡音リン,IA,GUMI",VOCALOID·UTAU,18,ia_music,False,False,music_signal
BV16W411g7YX,2733,【ルカミクグミIAリン】BURNING【オリジナルMV_梅とら】_sm26938670,neneneneneneneko,"MAYU,MEIKO,巡音ルカ,結月ゆかり,VOCALOID殿堂入り,初音ミク,鏡音リン,IA,GUMI",VOCALOID·UTAU,18,ia_music,False,False,music_signal
BV16W411g7YX,2734,【IA】憧憬人魚姫【オリジナル曲】_sm26982262,neneneneneneneko,"MAYU,MEIKO,巡音ルカ,結月ゆかり,VOCALOID殿堂入り,初音ミク,鏡音リン,IA,GUMI",VOCALOID·UTAU,18,ia_music,False,False,music_signal
BV16W411g7YX,2737,IA「マインドボイス」【オリジナル曲】_sm26983332,neneneneneneneko,"MAYU,MEIKO,巡音ルカ,結月ゆかり,VOCALOID殿堂入り,初音ミク,鏡音リン,IA,GUMI",VOCALOID·UTAU,18,ia_music,False,False,music_signal
BV16W411g7YX,2743,濫觴生命 _ feat.IA_sm27042325,neneneneneneneko,"MAYU,MEIKO,巡音ルカ,結月ゆかり,VOCALOID殿堂入り,初音ミク,鏡音リン,IA,GUMI",VOCALOID·UTAU,18,ia_music,False,False,music_signal
BV16W411g7YX,2770,ハチスは夏に背を向けて／IA／MV_sm27546102,neneneneneneneko,"MAYU,MEIKO,巡音ルカ,結月ゆかり,VOCALOID殿堂入り,初音ミク,鏡音リン,IA,GUMI",VOCALOID·UTAU,18,ia_music,False,False,music_signal
BV16W411g7YX,2774,壊れぬハートが欲しいのだ／歌、IAとmiki_sm27657095,neneneneneneneko,"MAYU,MEIKO,巡音ルカ,結月ゆかり,VOCALOID殿堂入り,初音ミク,鏡音リン,IA,GUMI",VOCALOID·UTAU,18,ia_music,False,False,music_signal
BV16W411g7YX,2776,【IA】ポンコツディストーカー【MV】_sm27705924,neneneneneneneko,"MAYU,MEIKO,巡音ルカ,結月ゆかり,VOCALOID殿堂入り,初音ミク,鏡音リン,IA,GUMI",VOCALOID·UTAU,18,ia_music,False,False,music_signal
BV16W411g7YX,2785,時ノ雨、最終戦争 _ feat.IA_sm27833019,neneneneneneneko,"MAYU,MEIKO,巡音ルカ,結月ゆかり,VOCALOID殿堂入り,初音ミク,鏡音リン,IA,GUMI",VOCALOID·UTAU,18,ia_music,False,False,music_signal
BV16W411g7YX,2804,【ルカミクグミIAリン】  D  【オリジナル_梅とら】_sm28084871,neneneneneneneko,"MAYU,MEIKO,巡音ルカ,結月ゆかり,VOCALOID殿堂入り,初音ミク,鏡音リン,IA,GUMI",VOCALOID·UTAU,18,ia_music,False,False,music_signal
BV16W411g7YX,2826,【IA】踊れオーケストラ【オリジナル曲】_sm28694937,neneneneneneneko,"MAYU,MEIKO,巡音ルカ,結月ゆかり,VOCALOID殿堂入り,初音ミク,鏡音リン,IA,GUMI",VOCALOID·UTAU,18,ia_music,False,False,music_signal
BV16W411g7YX,2877,【ルカミクグミIAリン】LaLaL危【オリジナルMV_梅とら】_sm29659225,neneneneneneneko,"MAYU,MEIKO,巡音ルカ,結月ゆかり,VOCALOID殿堂入り,初音ミク,鏡音リン,IA,GUMI",VOCALOID·UTAU,18,ia_music,False,False,music_signal
BV16W411g7YX,2910,なんで生きてんだろうってすげえ思うんだ／IA_sm30495535,neneneneneneneko,"MAYU,MEIKO,巡音ルカ,結月ゆかり,VOCALOID殿堂入り,初音ミク,鏡音リン,IA,GUMI",VOCALOID·UTAU,18,ia_music,False,False,music_signal
BV16W411g7YX,2915,取り柄のないクズだって生きてていいだろが／IA_sm30599869,neneneneneneneko,"MAYU,MEIKO,巡音ルカ,結月ゆかり,VOCALOID殿堂入り,初音ミク,鏡音リン,IA,GUMI",VOCALOID·UTAU,18,ia_music,False,False,music_signal
BV16W411g7YX,2951,てるみい／歌、IAとOИE_sm31413058,neneneneneneneko,"MAYU,MEIKO,巡音ルカ,結月ゆかり,VOCALOID殿堂入り,初音ミク,鏡音リン,IA,GUMI",VOCALOID·UTAU,18,ia_music,False,False,music_signal
BV16W411g7YX,2956,マチガイサガシ／IA feat.まふまふ_sm31480307,neneneneneneneko,"MAYU,MEIKO,巡音ルカ,結月ゆかり,VOCALOID殿堂入り,初音ミク,鏡音リン,IA,GUMI",VOCALOID·UTAU,18,ia_music,False,False,music_signal
BV16W411g7YX,2975,MV『快晴』Orangestar feat.IA_sm31840221,neneneneneneneko,"MAYU,MEIKO,巡音ルカ,結月ゆかり,VOCALOID殿堂入り,初音ミク,鏡音リン,IA,GUMI",VOCALOID·UTAU,18,ia_music,False,False,music_signal
BV16W411g7YX,2992,【結月ゆかり＆IA】ピニャコラーダ【オリジナル】_sm31996010,neneneneneneneko,"MAYU,MEIKO,巡音ルカ,結月ゆかり,VOCALOID殿堂入り,初音ミク,鏡音リン,IA,GUMI",VOCALOID·UTAU,18,ia_music,False,False,music_signal
BV16W411g7YX,3017,【ルカミクグミIAリン】KILLER B【オリジナルMV_梅とら】_sm32445382,neneneneneneneko,"MAYU,MEIKO,巡音ルカ,結月ゆかり,VOCALOID殿堂入り,初音ミク,鏡音リン,IA,GUMI",VOCALOID·UTAU,18,ia_music,False,False,music_signal
BV16W411g7YX,3411,【IA】シリョクケンサ【アレンジカバー】_sm17556659,neneneneneneneko,"MAYU,MEIKO,巡音ルカ,結月ゆかり,VOCALOID殿堂入り,初音ミク,鏡音リン,IA,GUMI",VOCALOID·UTAU,18,ia_music,False,True,music_signal
BV16W411g7YX,3417,【IA】Historia_opening theme（歴史秘話ヒストリアテーマ曲）_sm18422019,neneneneneneneko,"MAYU,MEIKO,巡音ルカ,結月ゆかり,VOCALOID殿堂入り,初音ミク,鏡音リン,IA,GUMI",VOCALOID·UTAU,18,ia_music,False,False,music_signal
BV16W411g7YX,3426,【IA・Lily】マトリョシカ【アレンジカバーPV】_sm20208868,neneneneneneneko,"MAYU,MEIKO,巡音ルカ,結月ゆかり,VOCALOID殿堂入り,初音ミク,鏡音リン,IA,GUMI",VOCALOID·UTAU,18,ia_music,False,True,music_signal
BV16W411g7YX,3434,【自作オケ】紅蓮の弓矢 -Vocaloid cover-【ミク、リン、レン、GUMI、IA、MAYU】_sm21091753,neneneneneneneko,"MAYU,MEIKO,巡音ルカ,結月ゆかり,VOCALOID殿堂入り,初音ミク,鏡音リン,IA,GUMI",VOCALOID·UTAU,18,ia_music,False,True,music_signal
BV16W411g7YX,3441,【IA】アイヲウタエを歌ってもらった【〈物語〉シリーズ】_sm21838486,neneneneneneneko,"MAYU,MEIKO,巡音ルカ,結月ゆかり,VOCALOID殿堂入り,初音ミク,鏡音リン,IA,GUMI",VOCALOID·UTAU,18,ia_music,False,False,music_signal
BV16W411g7YX,3454,【結月ゆかり＆IA】カラフルを歌ってもらった【まどマギ_叛逆の物語】_sm23175025,neneneneneneneko,"MAYU,MEIKO,巡音ルカ,結月ゆかり,VOCALOID殿堂入り,初音ミク,鏡音リン,IA,GUMI",VOCALOID·UTAU,18,ia_music,False,False,music_signal
BV16W411g7YX,3456,【歌わせてみた】IAで「daze」【short ver.】_sm23415399,neneneneneneneko,"MAYU,MEIKO,巡音ルカ,結月ゆかり,VOCALOID殿堂入り,初音ミク,鏡音リン,IA,GUMI",VOCALOID·UTAU,18,ia_music,False,False,music_signal
BV16W411g7YX,3464,【歌わせてみた】IA ROCKSで「daze」【Lyrics Ver.】_sm23868278,neneneneneneneko,"MAYU,MEIKO,巡音ルカ,結月ゆかり,VOCALOID殿堂入り,初音ミク,鏡音リン,IA,GUMI",VOCALOID·UTAU,18,ia_music,False,False,music_signal
BV16W411g7YX,3469,ロストワンの号哭／DIVELA REMIX feat. IA ROCKS_sm24127524,neneneneneneneko,"MAYU,MEIKO,巡音ルカ,結月ゆかり,VOCALOID殿堂入り,初音ミク,鏡音リン,IA,GUMI",VOCALOID·UTAU,18,ia_music,False,True,music_signal
BV16W411g7YX,3486,【IA】シュガーソングとビターステップ【歌わせてみた】_sm26311780,neneneneneneneko,"MAYU,MEIKO,巡音ルカ,結月ゆかり,VOCALOID殿堂入り,初音ミク,鏡音リン,IA,GUMI",VOCALOID·UTAU,18,ia_music,False,False,music_signal
BV16W411g7YX,3512,【IA】The Everlasting Guilty Crown【ギルティクラウン】_sm18324189,neneneneneneneko,"MAYU,MEIKO,巡音ルカ,結月ゆかり,VOCALOID殿堂入り,初音ミク,鏡音リン,IA,GUMI",VOCALOID·UTAU,18,ia_music,False,False,music_signal
BV16W411g7YX,3520,【IA】 Schubert Ave Maria (Ellens dritter Gesang)_sm16808464,neneneneneneneko,"MAYU,MEIKO,巡音ルカ,結月ゆかり,VOCALOID殿堂入り,初音ミク,鏡音リン,IA,GUMI",VOCALOID·UTAU,18,ia_music,False,False,music_signal
BV16W411g7YX,3521,【IA】 magnet 【初音ミク】_sm16808169,neneneneneneneko,"MAYU,MEIKO,巡音ルカ,結月ゆかり,VOCALOID殿堂入り,初音ミク,鏡音リン,IA,GUMI",VOCALOID·UTAU,18,ia_music,False,False,music_signal
BV16W411g7YX,3622,【ルカミクグミIAリン】Black Out【オリジナルMV_梅とら】_sm29416913,neneneneneneneko,"MAYU,MEIKO,巡音ルカ,結月ゆかり,VOCALOID殿堂入り,初音ミク,鏡音リン,IA,GUMI",VOCALOID·UTAU,18,ia_music,False,False,music_signal
BV16W411g7YX,3647,【IA】　クリサリス　【オリジナル】_sm27372330,neneneneneneneko,"MAYU,MEIKO,巡音ルカ,結月ゆかり,VOCALOID殿堂入り,初音ミク,鏡音リン,IA,GUMI",VOCALOID·UTAU,18,ia_music,False,False,music_signal
BV16W411g7YX,3679,【IA】透明アンサー【PV】_sm23282597,neneneneneneneko,"MAYU,MEIKO,巡音ルカ,結月ゆかり,VOCALOID殿堂入り,初音ミク,鏡音リン,IA,GUMI",VOCALOID·UTAU,18,ia_music,False,False,music_signal
BV16W411g7YX,3703,【IA】ノラボク【オリジナル】_sm20498141,neneneneneneneko,"MAYU,MEIKO,巡音ルカ,結月ゆかり,VOCALOID殿堂入り,初音ミク,鏡音リン,IA,GUMI",VOCALOID·UTAU,18,ia_music,False,False,music_signal
BV16W411g7YX,3715,IAオリジナル曲　『CARLA』_sm17429124,neneneneneneneko,"MAYU,MEIKO,巡音ルカ,結月ゆかり,VOCALOID殿堂入り,初音ミク,鏡音リン,IA,GUMI",VOCALOID·UTAU,18,ia_music,False,False,music_signal
BV16W411g7YX,3923,【綿飴_feat.IA】 鋼鉄ノ城 【オリジナルMV】_sm25216247,neneneneneneneko,"MAYU,MEIKO,巡音ルカ,結月ゆかり,VOCALOID殿堂入り,初音ミク,鏡音リン,IA,GUMI",VOCALOID·UTAU,18,ia_music,False,False,music_signal
BV16W411g7YX,3924,"『キミの全てを見せてよ』 _ 初音ミク, GUMI, 鏡音リン, IA_sm31389917",neneneneneneneko,"MAYU,MEIKO,巡音ルカ,結月ゆかり,VOCALOID殿堂入り,初音ミク,鏡音リン,IA,GUMI",VOCALOID·UTAU,18,ia_music,False,False,music_signal
BV16W411g7YX,3926,アンチビート／DIVELA REMIX feat.IA ROCKS_sm24501223,neneneneneneneko,"MAYU,MEIKO,巡音ルカ,結月ゆかり,VOCALOID殿堂入り,初音ミク,鏡音リン,IA,GUMI",VOCALOID·UTAU,18,ia_music,False,True,music_signal
BV16W411g7YX,3935,【IA】少年ブレイヴ【歌詞】_sm21290765,neneneneneneneko,"MAYU,MEIKO,巡音ルカ,結月ゆかり,VOCALOID殿堂入り,初音ミク,鏡音リン,IA,GUMI",VOCALOID·UTAU,18,ia_music,False,False,music_signal
BV16W411g7YX,3939,【ルカミクグミIAリン】Makes You a Fighter【オリジナル_梅とら】_sm32117398,neneneneneneneko,"MAYU,MEIKO,巡音ルカ,結月ゆかり,VOCALOID殿堂入り,初音ミク,鏡音リン,IA,GUMI",VOCALOID·UTAU,18,ia_music,False,False,music_signal
BV16W411g7YX,3947,【IA】マリーの架空世界【歌詞】_sm21262747,neneneneneneneko,"MAYU,MEIKO,巡音ルカ,結月ゆかり,VOCALOID殿堂入り,初音ミク,鏡音リン,IA,GUMI",VOCALOID·UTAU,18,ia_music,False,False,music_signal
BV16W411g7YX,3975,‐ IA ‐　『 Let-ters 』　オリジナル曲_sm19802092,neneneneneneneko,"MAYU,MEIKO,巡音ルカ,結月ゆかり,VOCALOID殿堂入り,初音ミク,鏡音リン,IA,GUMI",VOCALOID·UTAU,18,ia_music,False,False,music_signal
BV16W411g7YX,3978,ひとりがち／IA_sm33144790,neneneneneneneko,"MAYU,MEIKO,巡音ルカ,結月ゆかり,VOCALOID殿堂入り,初音ミク,鏡音リン,IA,GUMI",VOCALOID·UTAU,18,ia_music,False,False,music_signal
BV16W411g7YX,3982,【MV】トリガール／IA_sm33263373,neneneneneneneko,"MAYU,MEIKO,巡音ルカ,結月ゆかり,VOCALOID殿堂入り,初音ミク,鏡音リン,IA,GUMI",VOCALOID·UTAU,18,ia_music,False,False,music_signal
BV16W411g7YX,4089,【KAITO・IA】カコノミライとキカイの歌【オリジナル】_sm18990746,neneneneneneneko,"MAYU,MEIKO,巡音ルカ,結月ゆかり,VOCALOID殿堂入り,初音ミク,鏡音リン,IA,GUMI",VOCALOID·UTAU,18,ia_music,False,False,music_signal
BV16W411g7YX,4091,【IA】 ハートブレイク≒ブルース 【オリジナル曲】_sm30515185,neneneneneneneko,"MAYU,MEIKO,巡音ルカ,結月ゆかり,VOCALOID殿堂入り,初音ミク,鏡音リン,IA,GUMI",VOCALOID·UTAU,18,ia_music,False,False,music_signal
BV1KU4y1o7X5,1,【Ruka Miku Gumi IA Rin】Love Me If You Can [Remake]【梅とら】,精神安定剤,"梅とら,Love Me If You Can",VOCALOID·UTAU,76916,ia_music,False,False,category_vocaloid
BV1xx411P7u3,1,【IA】奇美拉【MV】【ATOLS】,牛牛蝎羯,"IA,VOCALOID,キメラ,ATOLS,IA ROCKS",VOCALOID·UTAU,619723,ia_music,False,False,music_signal
BV1Rx411N7h7,1,【IA】明日的夜空哨戒班,赤鸣,"VOCALOID,IA,良曲,アスノヨゾラ哨戒班,字幕付,ORANGESTAR",VOCALOID·UTAU,419356,ia_music,False,False,music_signal
BV16s411f7Ua,1,【IA】summertime record【じん(自然の敵P)】,trance羯,"VOCALOID,じん,じん（自然の敌P）,SUMMER TIME RECORD,天国のSETOPV,IA,ED曲,サマータイムレコード",VOCALOID·UTAU,305996,ia_music,False,False,music_signal
BV1Ss41117mE,1,【Jin】阳炎眩乱【初音ミク】60帧 中文字幕,ZHider,"miku,IA,VOCALOID,60帧,UTAU,中文字幕",VOCALOID·UTAU,76488,ia_music,False,False,music_signal
BV1yx411F7MC,1,【IA】 平成灾变 【PV】,双塔TypeU,"中毒,じっぷす,IA,VOCALOID,平成灾变,大灾变,ヘイセイカタクリズム",VOCALOID·UTAU,76468,ia_music,False,False,music_signal
BV1gW411571f,1,【#COMPASS 战斗天赋解析系统】KILLER B - 玛利亚角色专属曲,樱花大学陈西升,"KILLER B,IA,COMPASS,初音MIKU,GUMI,镜音RIN,战斗天赋解析系统,抹茶老师,巡音LUKA",VOCALOID·UTAU,75670,ia_music,False,False,music_signal
BV1zs411f79A,1,【国人IA原创】Liberator【专辑Dual Sight MMD宣传PV】,Vanguard-Sound,"VANGUARD SOUND,DUAL SIGHT,IA_-ARIA_ON_THE_PLANETES-,VOCALOID",VOCALOID·UTAU,74992,ia_music,False,False,music_signal
BV1BW411L7Rm,1,Guiano - Superhero (feat.IA),Guiano_official,"ぐいあの,IA,スーパーヒーロー,VOCALOID,Guiano",VOCALOID·UTAU,74438,ia_music,False,False,music_signal
BV1bx411w7QC,1,【IA】塵塵呪詛(チリチリジュソ),ringscissors,"IA -ARIA ON THE PLANETES-,VOCALOID,きくお",VOCALOID·UTAU,74114,ia_music,False,False,music_signal
BV1js411f7jM,1,【IA】chord liner【乙P】,刹那・F・セイエイ,"CHORD LINER,谢谢,IA,VOCALOID,乙P",VOCALOID·UTAU,73405,ia_music,False,False,music_signal
BV1Ts411Z71u,1,【IA】永眠童話【まふまふ】,牛牛蝎羯,"IA,永眠童话,VOCALOID,まふまふ,『刹那色シンドローム』収録曲",VOCALOID·UTAU,72392,ia_music,False,False,music_signal
BV1Pr4y1n7Qa,1,Orangestar - ノクティルーカ (feat. IA) Music Video [PR_c3MId8cg],阿赫official,"IA,VOCALOID,ノクティルーカ,Orangestar",VOCALOID·UTAU,35401,ia_music,False,False,music_signal
BV1qs411f7xU,1,【IA】終焉的書籤【150P】,BILI君的音樂工房,"さいね,VOCALOID,终焉ノ栞,IA,こみね,150P,スズム,一对百合一对基,终焉之栞",VOCALOID·UTAU,69589,ia_music,False,False,music_signal
BV15Z4y1W7qn,1,Uz／Orangestar feat.IA,阿赫official,"Orangestar,IA,VOCALOID,M.B",VOCALOID·UTAU,34353,ia_music,False,False,music_signal
BV1Nx411F7FP,1,【IA】孤獨的捉迷藏【150P】,BILI君的音樂工房,"IA_-ARIA_ON_THE_PLANETES-,さいね（絵师）,IA原创,150P,スズム,VOCALOID,こみね",VOCALOID·UTAU,68425,ia_music,False,False,music_signal
BV1qx421k7DL,1,r-906 - 脑内disco ミク×IA ver. 未公开版本片段,妄想Delusions,"VOCALOID,r-906,ノウナイディスコ",VOCALOID·UTAU,66089,ia_music,False,False,music_signal
BV1as41197Dn,1,时之雨、最终战争 / Orangestar feat.IA 「授权搬运」,阿赫official,"蜜柑星,VOCALOID,时ノ雨、最终戦争,IA,ORANGESTAR",VOCALOID·UTAU,65082,ia_music,False,False,music_signal
BV1wx411P7cz,1,【IA】戯曲与变形都市【まふまふ】,牛牛蝎羯,"戏曲とデフォルメ都市,VOCALOID,IA,まふまふ",VOCALOID·UTAU,64807,ia_music,False,False,music_signal
BV1hx411F79s,1,【IA】模仿者的搶椅子遊戲【150P】,唯爱阿萌,"150P,IA,终焉ノ栞プロジェクト,D音,终焉ノ栞,猿マネ椅子盗りゲーム,VOCALOID,终焉之栞,DNE",VOCALOID·UTAU,64517,ia_music,False,True,music_signal
BV14W411t7Pj,1,Guiano - シャナ (feat.IA),Guiano_official,"VOCALOID,IA,Guiano,ぐいあの",VOCALOID·UTAU,64299,ia_music,False,False,music_signal
BV1Px411F7c2,1,【IA】完全犯罪的情书【pv】,猫村いろは,"终焉ノ栞,临终之书签,终焉之栞,VOCALOID,150P,A弥,完全犯罪ラブレター,GUMI,IA,C太",VOCALOID·UTAU,63491,ia_music,False,False,music_signal
BV1G14y1P7gj,1,IA｜おくすり飲んで寝よう/服药后就入睡吧,Solitstar,"虚拟歌手,伊爱,VOCALOID,IA,COVER,もちうつね",VOCALOID·UTAU,62447,ia_music,False,True,music_signal
BV1Zs411S7Bw,1,【Vocaloid+UTAU】让其响彻【13人合唱版】,七月酱w,"VOCALOID,波音RITSU,镜音LEN,结月ゆかり,夏语遥,ゆっくり,镜音レン,KAITO,GUMI,结月缘,镜音RIN,初音MIKU,IA,松田っぽいよ,重音TETO",VOCALOID·UTAU,62211,ia_music,False,True,music_signal
BV13W411S79E,1,Guiano - 忘れたいことばっかだ (feat.IA),Guiano_official,"v_flower,VOCALOID,Guiano",VOCALOID·UTAU,61920,ia_music,False,False,music_signal
BV1bx411w7M3,1,IA「イアイア★ナイトオブデザイア」[samfree night series],ringscissors,"IA -ARIA ON THE PLANETES-,SAMFREE,VOCALOID,HARU,恒例行事",VOCALOID·UTAU,61462,ia_music,False,False,music_signal
BV1134y1w7YD,1,【4K】Higher 中英字幕,BEI___,"八木禎治,V家,IA,CeVIO,LIVE,伊爱,VOCALOID,イア,CeVIO AI,Jeremy Buck",VOCALOID·UTAU,59396,ia_music,False,False,music_signal
BV1vx411T7hb,1,【IA ROCKS】「daze」【神無月P】,鲤,"IA ROCKS,DAZE,IA_-ARIA_ON_THE_PLANETES-,VOCALOID,神无月P",VOCALOID·UTAU,58354,ia_music,False,False,music_signal
BV1gs411t7Kq,1,【ルカミクグミIAリン】LaLaL危【梅とら】,等待呢歌,"初音ミク,グミ,鏡音リン,VOCALOID,梅とら,巡音ルカ,LaLaL危,IA,GUMI",VOCALOID·UTAU,58218,ia_music,False,False,music_signal
BV1Eg4y1J7BM,1,【镜音Rin&amp;镜音Len】迷宫电子回廊 (short ver.)【feat. IA&amp;VY1】【玻璃渣子碎】,玻璃渣子碎,"鏡音リン,VOCALOID,鏡音レン,虚拟之声创作计划·2023第一期,镜音双子,IA,VY1,valkyrie,让虚拟歌手为你唱,偶像梦幻祭,cover",VOCALOID·UTAU,57748,ia_music,False,True,music_signal
BV17t411F7wW,1,【IA OFFICIAL】HIGHER｜IA 【高清PV】,IA小天使OFFICIAL,"MV,MMD发布,HIGHER,IA OFFICIAL,IA小天使OFFICIAL,IA,Cevio,演唱会,ARIA公演,Vocaloid,伊爱",VOCALOID·UTAU,56407,ia_music,False,False,music_signal
BV1ds411S7Wf,1,【IA×ONE】CITRUS【Orangestar】,アリサズアＰ,"ORANGESTAR,耳机推奖,字幕の零存活率,柑橘の味道,橙味,IA,CEVIO,CITRUS,VOCALOID,ONE",VOCALOID·UTAU,54399,ia_music,False,False,music_signal
BV1Cx411V7ay,1,【GUMI+IA】不毛！【PTL0★】【音画提升】,阿赫official,"VOCALOID,PTL0★,ぽてんしゃる0,不毛！,GUMI,VOCAROCK,IA",VOCALOID·UTAU,52902,ia_music,False,False,music_signal
BV1wx411F7x9,1,【IA】虚假注意报【PV付】,唯爱阿萌,"ニセモノ注意报,スズム,こみね,IA,ぎぶそん,SM18060733,150P,さいね（絵师）,VOCALOID",VOCALOID·UTAU,51879,ia_music,False,False,music_signal
BV18x411T7Ex,1,【初音ミク・IA】我叫了應召女郎然後你就來了【ナナホシ管弦楽団(不純異性交遊P),月下之恶魔,"ナナホシ管弦楽団(不纯异性交游P),初音MIKU,デリヘル呼んだら君が来た,SNT,VOCAROCK,VOCALOID,IA",VOCALOID·UTAU,50910,ia_music,False,False,music_signal
BV1rQ4y1D7fz,1,DAYBREAK FRONTLINE(黎明前线) 2022.10.21字幕重置 2022.12.24二次重置画质修复,BEI___,"蜜柑星P,Orangestar,伊爱,IA,虚拟歌手,VOCALOID",VOCALOID·UTAU,49569,ia_music,False,False,music_signal
BV18s411U72N,1,【IA】柏拉图式的爱情【メル】,Press·,"メル,プラトニック・ラヴ,IA,VOCALOID",VOCALOID·UTAU,49262,ia_music,False,False,music_signal
BV1dW411r7w3,1,【ルカミクグミIAリン】唯一、爱之诗【梅とら】,阿赫official,"鏡音リン,初音ミク,GUMI,IA,巡音ルカ,秋赤音,VOCALOID,梅とら,唯一、愛ノ詠",VOCALOID·UTAU,49130,ia_music,False,False,music_signal
BV1Kx411c7dH,1,【IA】駕雲者,白羽沉,"CIEL(神无月P),VOCALOID,CHRIS,クラウドライダー,神调教,IA",VOCALOID·UTAU,49121,ia_music,False,False,music_signal
BV1yx411N7T7,1,【IA】苹果烟花与苏打之海【まふまふ】,牛牛蝎羯,"MAFUMAFU,软软的IA,林檎花火とソーダの海,まふまふ,满满MAFU风格,棒哭,IA,MAFUTERU,VOCALOID,镜见て失神P",VOCALOID·UTAU,48366,ia_music,False,False,music_signal
BV1GhL2zkELY,1,【重音テトSV】ワンダードッグパレード（奇迹犬大游行）夏山よつぎ,きせき_kiseki,"重音テト,VOCALOID,虚拟之声创作计划,ワンダードッグパレード,夏山よつぎ,IA,音乐,虚拟之声创作计划·2025第二期,重音teto",VOCALOID·UTAU,48067,ia_music,False,False,music_signal
BV11b4y1E71Y,1,もう僕に夏は来ない/feat.IA,torus-music,"初音,自制,MIKU,VOCALOIDCHINA",VOCALOID·UTAU,47715,ia_music,False,False,music_signal
BV1US4y1w7rW,1,【镜音Rin&amp;镜音Len&amp;IA&amp;IA Rock】Believe 4 Leaves【玻璃渣子碎】,玻璃渣子碎,"IA Rock,偶像梦幻祭,鏡音リン,Cover,鏡音レン,IA,Alkaloid",VOCALOID·UTAU,47017,ia_music,False,True,music_signal
BV1Hs41197cx,1,濫觴生命 / Orangestar feat.IA 「授权搬运」,阿赫official,"VOCALOID,ORANGESTAR,IA,滥觞生命",VOCALOID·UTAU,45701,ia_music,False,False,music_signal
BV1Nx411A7qv,1,【IA】阳炎Days【车祸曲】,小日记smalldiary,"调教超好,真大触,目隐都市的演绎者,VOCALOID,良调教,车祸曲,IA,カゲロウデイズ",VOCALOID·UTAU,45041,ia_music,False,False,music_signal
BV1dz4y1y7v2,1,V家原版【ルカミクグミIAリン】【梅とら】四字熟语系列（全9首）,DYM丶剑仙,"初音MIKU,V家,日语,日本,MIKU,巡音ルカ,GUMI,鏡音リン,初音未來,IA",VOCALOID·UTAU,44934,ia_music,False,False,music_signal
BV1Db411Q7K8,1,【IA】ノラボク,稲葉曇-NKNK专属墙,"IA,初音ミク,Orangestar",VOCALOID·UTAU,1432,ia_music,False,False,music_signal
BV1Db411Q7K8,2,【IA】パラダイムバグ,稲葉曇-NKNK专属墙,"IA,初音ミク,Orangestar",VOCALOID·UTAU,1432,ia_music,False,False,music_signal
BV1Db411Q7K8,3,【IA】真夏と少年の天ノ川戦争,稲葉曇-NKNK专属墙,"IA,初音ミク,Orangestar",VOCALOID·UTAU,1432,ia_music,False,False,music_signal
BV1Db411Q7K8,4,【IA】突風マニュアル,稲葉曇-NKNK专属墙,"IA,初音ミク,Orangestar",VOCALOID·UTAU,1432,ia_music,False,False,music_signal
BV1Db411Q7K8,5,【IA】悪性新生物【オリジナル】 -,稲葉曇-NKNK专属墙,"IA,初音ミク,Orangestar",VOCALOID·UTAU,1432,ia_music,False,False,music_signal
BV1Db411Q7K8,6,【IA】未完成タイムリミッター,稲葉曇-NKNK专属墙,"IA,初音ミク,Orangestar",VOCALOID·UTAU,1432,ia_music,False,False,music_signal
BV1Db411Q7K8,7,【IA】午前四時半【Dear MINGO】,稲葉曇-NKNK专属墙,"IA,初音ミク,Orangestar",VOCALOID·UTAU,1432,ia_music,False,False,music_signal
BV1Db411Q7K8,8,【IA】イヤホンと蝉時雨,稲葉曇-NKNK专属墙,"IA,初音ミク,Orangestar",VOCALOID·UTAU,1432,ia_music,False,False,music_signal
BV1Db411Q7K8,9,【IA】アスノヨゾラ哨戒班,稲葉曇-NKNK专属墙,"IA,初音ミク,Orangestar",VOCALOID·UTAU,1432,ia_music,False,False,music_signal
BV1Db411Q7K8,10,【IA】雨き声残響,稲葉曇-NKNK专属墙,"IA,初音ミク,Orangestar",VOCALOID·UTAU,1432,ia_music,False,False,music_signal
BV1Db411Q7K8,11,【IA】牆壁,稲葉曇-NKNK专属墙,"IA,初音ミク,Orangestar",VOCALOID·UTAU,1432,ia_music,False,False,music_signal
BV1Db411Q7K8,12,【IA×初音ミク】空奏列車,稲葉曇-NKNK专属墙,"IA,初音ミク,Orangestar",VOCALOID·UTAU,1432,ia_music,False,False,music_signal
BV1Db411Q7K8,13,【IA×ONE】CITRUS,稲葉曇-NKNK专属墙,"IA,初音ミク,Orangestar",VOCALOID·UTAU,1432,ia_music,False,False,music_signal
BV1Db411Q7K8,14,【IA】ヴァーミンキラー【再投稿】,稲葉曇-NKNK专属墙,"IA,初音ミク,Orangestar",VOCALOID·UTAU,1432,ia_music,False,False,music_signal
BV1Db411Q7K8,17,濫觴生命  feat.IA,稲葉曇-NKNK专属墙,"IA,初音ミク,Orangestar",VOCALOID·UTAU,1432,ia_music,False,False,music_signal
BV1Db411Q7K8,19,時ノ雨、最終戦争  feat.IA,稲葉曇-NKNK专属墙,"IA,初音ミク,Orangestar",VOCALOID·UTAU,1432,ia_music,False,False,music_signal
BV1Db411Q7K8,20,Alice in 冷凍庫  feat.IA,稲葉曇-NKNK专属墙,"IA,初音ミク,Orangestar",VOCALOID·UTAU,1432,ia_music,False,False,music_signal
BV1Db411Q7K8,24,DAYBREAK FRONTLINE  feat.IA,稲葉曇-NKNK专属墙,"IA,初音ミク,Orangestar",VOCALOID·UTAU,1432,ia_music,False,False,music_signal
BV1Db411Q7K8,25,MV『快晴』Orangestar feat.IA,稲葉曇-NKNK专属墙,"IA,初音ミク,Orangestar",VOCALOID·UTAU,1432,ia_music,False,False,music_signal
BV1Db411Q7K8,26,Henceforth feat.IA,稲葉曇-NKNK专属墙,"IA,初音ミク,Orangestar",VOCALOID·UTAU,1432,ia_music,False,False,music_signal
BV1Db411Q7K8,27,Uz feat.IA,稲葉曇-NKNK专属墙,"IA,初音ミク,Orangestar",VOCALOID·UTAU,1432,ia_music,False,False,music_signal
BV1Db411Q7K8,28,Nadir feat.IA,稲葉曇-NKNK专属墙,"IA,初音ミク,Orangestar",VOCALOID·UTAU,1432,ia_music,False,False,music_signal
BV1Db411Q7K8,30,Surges (feat. IA & 初音ミク),稲葉曇-NKNK专属墙,"IA,初音ミク,Orangestar",VOCALOID·UTAU,1432,ia_music,False,False,music_signal
BV1Db411Q7K8,31,ノクティルーカ (feat. IA),稲葉曇-NKNK专属墙,"IA,初音ミク,Orangestar",VOCALOID·UTAU,1432,ia_music,False,False,music_signal
BV1ks411f7M6,1,【IA】M\&#x27;AIDER遭難女孩【out of survice】,BILI君的音樂工房,"OUT_OF_SURVICE,IA,VOCALOID,地狱型人间动物园,市ノ瀬雪乃,M&#39;AIDER遭难ガ",VOCALOID·UTAU,43890,ia_music,False,False,music_signal
BV19i4y1b7yq,1,おはよう、僕の歌姫　/  feat. Fukase ( &amp; IA ),傘村トータ,"傘村トータ,Fukase,IA,自制,歌曲",VOCALOID·UTAU,42686,ia_music,False,False,music_signal
BV1Wi4y177JC,1,【IA】~钢琴版~ 华鸣之花【Overidea】,Overidea_China,"华鸣之花,Overidea,日语,IA",VOCALOID·UTAU,42132,ia_music,False,True,music_signal
BV1rs411o7rc,1,【IA feat. 鏡音リン】Super Nuko World【まふまふ】,牛牛蝎羯,"まふまふ,すーぱーぬこわーるど,镜音RIN,PV下载9L,萌一脸,VOCALOID,まふてる,まふ画伯,镜见て失神P",VOCALOID·UTAU,41822,ia_music,False,False,music_signal
BV1ec411V7sk,1,世界上最幸福的死法｜世界で一番幸せな死に方 - 故歌 feat.IA (1080p).mp4,音街ウナ,"虚拟歌手,携手虚拟歌手征服世界吧！,VOCALOID,IA",VOCALOID·UTAU,40487,ia_music,False,False,music_signal
BV1pP4y1876p,1,【IA CeVIO AI】アスノヨゾラ哨戒班,葉月胡桃,"CeVIO AI,IA,CeVIO",VOCALOID·UTAU,40122,ia_music,False,False,music_signal
BV1Yx411F7v6,1,【IA】world Calling【PV】,trance羯,"VOCALOID,IA,神作画,じん,ワールド・コーリング,自然之敌P,PV好评,累死画师",VOCALOID·UTAU,40101,ia_music,False,False,music_signal
BV1xs41197Kc,1,Alice in 冷凍庫 / Orangestar feat.IA 自制中文字幕,阿赫official,"自制字幕,ALICE IN 冷冻库,蜜柑星,ORANGESTAR,VOCALOID,IA",VOCALOID·UTAU,39802,ia_music,False,False,music_signal
BV17s411k7eh,1,【庆祝IA上海初演】薬（PV付）,黒白君,"药不能停,可以，这很逼死,原创曲PV付,VOCALOID,逼死翻唱系列,药,标题不认识,IA",VOCALOID·UTAU,39744,ia_music,False,True,music_signal
BV1fW411w7DP,1,【VOCALOID&amp;UTAU 22人合唱】火花,糖心橘子i,"重音テト,ヒバナ,弱音ハク,氷山キヨテル,KAITO,巡音ルカ,IA,ギャラ子,歌手音ピコ,咲音メイコ",VOCALOID·UTAU,38957,ia_music,False,True,music_signal
BV1JW4y1Y7rm,1,【转载】vflower new design (talkloid) (shitpost),远宇V,"虚拟歌手,镜音RIN,Piko,IA,镜音LEN,VOCALOID",VOCALOID·UTAU,38307,ia_music,False,False,music_signal
BV1oW411U7cH,1,【IA × ONE】China Girl【ちいたな】【授权转载】,精神安定剤,"チャイナガール,ちいたな",VOCALOID·UTAU,37591,ia_music,False,False,music_signal
BV1K3411E7Ho,1,群青列車 / feat.初音ミク ＆ IA,torus-music,"MIKU,MV,初音MIKU,歌曲,初音,自制,VOCALOIDCHINA",VOCALOID·UTAU,36620,ia_music,False,False,music_signal
BV1JsBQBrE5q,1,【r-906 /中文字幕】シリーテラー（Silly Terror） feat. IA :[R],gurantouw,"Silly Terror,シリーテラー,r-906,术力口,IA,VOCALOID",VOCALOID·UTAU,36538,ia_music,False,False,music_signal
BV1Lx411w7h7,1,SIDE：IA,vilen,"LIA,IA,C81,VOCALOID",VOCALOID·UTAU,18109,ia_music,False,False,music_signal
BV1sx411F7cQ,1,【IA】黄昏蟬日記【まふまふ】,BILI君的音樂工房,"MAFUMAFU,夕暮れ蝉日记,まふまふ,绝对音感,VOCALOID,IA",VOCALOID·UTAU,36108,ia_music,False,False,music_signal
BV1wb411h7Z8,1,【IA&amp;ONE】山手线之歌（高輪GATEWAY对应）,えき♂,"山手线之歌,ONE,JR,Lia,日本铁道,东京,山手线,IA",VOCALOID·UTAU,36097,ia_music,False,False,music_signal
BV1TQULBCEic,1,"【IA, 雨衣】Lethe【Aira】",精神安定剤,"レーテー,無色透名祭3,Aira,雨衣,VOCALOID,IA",VOCALOID·UTAU,36059,ia_music,False,False,music_signal
BV1ss411o7jp,1,【IA】Dead and seek 【自然の敵Ｐ】,阿晒,"VOCALOID,目隐都市的演绎者,自然の敌Ｐ,非本,JIN,デッドアンドシーク,IA-ARIA ON THE PLANETES-",VOCALOID·UTAU,35872,ia_music,False,False,music_signal
BV1F7411Z7ZD,1,中字【IA × Fukase】愿他们予之黎明【傘村トータ】,rotbala,"傘村トータ,VOCALOID,あなたの夜が明けるまで,IA,明けない夜のリリィ,Fukase,願わくば彼らに夜明けを",VOCALOID·UTAU,35373,ia_music,False,False,music_signal
BV1ur4y1D7Pf,1,【4K修复】じん-夏令时记录,宙乐星界,"PV,VOCALOID传说曲,阳炎Project,じん,Jin,目隐都市的记录,4K,夏令时记录,目隐都市的演绎者,IA",VOCALOID·UTAU,35247,ia_music,False,False,music_signal
BV1JS4y1m7SM,1,【ルカミクグミIAリン】四面楚歌【梅とら】remake,rotbala,"VOCALOID,梅とら",VOCALOID·UTAU,35210,ia_music,False,False,music_signal
BV1sx411w7tZ,1,【 IA 】 現実的論理主義者,還有人在用這個啊,"KOYUBI,IA,毒性强,高二病,中毒,ゴボウメン,VOCALOID,IA -ARIA ON THE PLANETES-",VOCALOID·UTAU,34558,ia_music,False,False,music_signal
BV1Qx411G7rK,1,【結月ゆかり＆IA】Piña Colada【ねじ式】,阿赫official,"結月ゆかり,百合,VOCALOID,IA,ねじ式,ピニャコラーダ,ねじ式(火曜日P),檀上大空",VOCALOID·UTAU,33738,ia_music,False,False,music_signal
BV1AY4y1q7gk,1,【4K 中字】【画质增强】六兆年と一夜物語 MV IA演唱,光与阁楼,"IA,中文字幕,日语,怀旧,文物修复计划,画质修复,打卡挑战,4K,虚拟歌手,VOCALOID",VOCALOID·UTAU,33375,ia_music,False,False,music_signal
BV1tu411U7g5,1,【GUMI&amp;IA】群青，但是术力口,佐倉绫音Official,"IA,翻唱,调教,V家,群青,YOASOBI,2022新年音乐大作战,VOCALOID,GUMI,虚拟歌姬",VOCALOID·UTAU,33132,ia_music,False,True,music_signal
BV1Vp4y1i7Y5,1,"【IA OFFICIAL】My Soul, Your Beats! ｜IA 试着唱了",IA小天使OFFICIAL,"イア,Your Beats!,伊爱,Vocaloid,试着唱了,LIA,IA,歌ってみた,IA OFFICIAL,翻唱,My Soul",VOCALOID·UTAU,32806,ia_music,False,True,music_signal
BV1Ux411F7eE,1,【IA】復仇綜合癥【まふまふ】,BILI君的音樂工房,"IA,まふまふ,仇返しシンドローム,スズム,△○□×,VOCALOID",VOCALOID·UTAU,32806,ia_music,False,False,music_signal
BV1js411x7HS,1,【ルカミクグミIAリン】Love Me If You Can【PV】【ゆにこx二見宗】,阿赫official,"梅とら,VOCALOID,ヲタみん,Love Me If You Can,ゆにこ,二見宗",VOCALOID·UTAU,32730,ia_music,False,False,music_signal
BV1SM411y7Tf,1,Hallucination Scissorhands feat. IA / Adeliae,Adeliae_アデリー,"PV,VOCALOID,日语",VOCALOID·UTAU,32487,ia_music,False,False,music_signal
BV1Nr4y1y7zN,1,【CeVIO AI IA】鳥の詩【中の人再現】,百合咲奈奈,"まいこ,IA,CeVIO AI,AIR,KEY",VOCALOID·UTAU,32430,ia_music,False,False,music_signal
BV1AR4y1u7Jp,1,sm39916220 - 【CeVIO AI IA】Aimer ／ 残響散歌 を歌ってもらった【鬼滅の刃 遊郭編】【タカオカミズキ】,阿赫official,"CEVIO AI,残響散歌,タカオカミズキ,IA",VOCALOID·UTAU,15872,ia_music,False,False,music_signal
BV1Qt41137vy,1,【PV】日本桥高架下R计画｜IA (song by じん)　【IA首部全动画作品！】,IA小天使OFFICIAL,"日本橋高架下R計画,IA,イア,伊爱,IA小天使OFFICIAL,自然の敵P,Vocaloid,jin,じん,V家,IA小天使",VOCALOID·UTAU,31622,ia_music,False,False,music_signal
BV1Jx411w7oX,1,【V3新音源】【IA】鳥の詩,Azige改二弃坑潜逃型,"IA,VOCALOID,LIA,VOCALOID3",VOCALOID·UTAU,31470,ia_music,False,False,music_signal
BV1Ms411f7AZ,1,【150P】紅蓮的弓矢 - Vocaloid cover -【ミク、リン、レンGUMI、IA、MAYU】,等待呢歌,"250P,不务正业系列,150P,KE-SANΒ,150你又卖萌,快去填书签坑啦,16,VOCALOID,MAYU,150,150俺嫁！,红莲的弓矢",VOCALOID·UTAU,31338,ia_music,False,True,music_signal
BV1pk4y1X7JZ,1,【4K超高清】チルドレンレコード,SILVIA____,"JIN,虚拟歌手,IA,チルドレンレコード,VOCALOID,4K",VOCALOID·UTAU,31040,ia_music,False,False,music_signal
BV1ym4y1V7xh,1,【IA AI】Concept Demo【VOCALOIDs with AI】【Loverboy】,regnore,"Demo,VOCALOID,SynthV,RVC,IA,Cover",VOCALOID·UTAU,30972,ia_music,False,True,music_signal
BV14s411m7CX,1,【ルカミクグミIAリン】BURNING【梅とら】,等待呢歌,"BURNING,梅とら,巡音ルカ,梅绅士,评论区高能,GUMI,镜音リン,UMEDY,IA,看歌姬识P主系列,初音ミク",VOCALOID·UTAU,30903,ia_music,False,False,music_signal
BV1eW411A7B3,1,【IF Project】機械心【IA】【yuuhi】【IA亚种】【原创曲】【PV付】,榎木夕,"IA,PV付,IF,IF Project,IA亚种,yuuhi,原创曲,亚种,VOCALOID",VOCALOID·UTAU,30711,ia_music,False,False,music_signal
BV12s411D7nn,1,【IA原创】walking in the night【Windbell】,凌音音乐Ascentone,"励志,VOCALOID,IA,ウニル,Saitou,One Ocean,神调教,原创PV,WINDBELL,原创曲",VOCALOID·UTAU,30696,ia_music,False,False,music_signal
BV1Cs411z7Xt,1,【ルカミクグミIAリン】RED STAR【梅とら】,等待呢歌,"RED STAR,梅とら,巡音ルカ,初音ミク",VOCALOID·UTAU,30686,ia_music,False,False,music_signal
BV1tg411B7PF,1,【IA】八十八鍵の宇宙【Orangestar】,nua只只,"Orangestar,IA,VOCALOID,虚拟歌手,良曲,八十八鍵の宇宙,VOCALOID夏曲,夏天",VOCALOID·UTAU,30599,ia_music,False,False,music_signal
BV1rxNnz9EYz,1,六兆年と野花香物语（音量注意⚠️）,绝望的直男278,"鬼畜星探企划第二十二期,IA,VOCALOID,jiafei,UTAU,野花香,鬼畜星探企划,调音,六兆年零一夜物语,术力口,音乐,二次元",VOCALOID·UTAU,30558,ia_music,False,False,music_signal
BV1as411Z77d,1,【IA】幻想世界与玩具的心脏【まふまふ】,牛牛蝎羯,"镜见て失神P,まふてる,IA,空想世界とオモチャの心臓,SM系列,そらる,VOCALOID,まふまふ,镜见失神P",VOCALOID·UTAU,30370,ia_music,False,False,music_signal
BV1Ks411f7MQ,1,【IA 歌愛ユキ】謳歌自由之風【民族調曲PV】,trance羯,"大越香里,VOCALOID,IA,GUMI,歌爱ユキ,kaoling,自由を讴う风,民族调,KAOLING",VOCALOID·UTAU,34338,ia_music,False,False,music_signal
BV1ks411Z7HK,1,【IA】六兆年零一夜物语【手书PV】,非洲のGUMI酱,"VOCALOID,真·目隐团成立,IA,旋花,六兆年と一夜物语,KEMU",VOCALOID·UTAU,34111,ia_music,False,False,music_signal
BV1ss411o7xc,1,【IA】界外科学【左右对称】,阿晒,"目瞎都市的演绎者,アウターサイエンス,造福社会,全程高能,左右对称,无法直视,丧心病狂,爱得深沉,VOCALOID",VOCALOID·UTAU,29740,ia_music,False,False,music_signal
BV1vx411w7MN,1,【IA】天堕 -序章-【PV付】,唯爱阿萌,"填不上的坑,IA,乙P,天坑,美哭,乙P一路走好,三重の人,笹筱,铃叶ユミ,VOCALOID",VOCALOID·UTAU,29699,ia_music,False,False,music_signal
BV18b41147LC,1,【 IA &amp; Fukase 】メルクリウス【 傘村トータ 】,傘村トータ,"FUKASE,傘村トータ,IA",VOCALOID·UTAU,29598,ia_music,False,False,music_signal
BV1vn4y1Q7mU,1,『原声/威风堂々（威风堂堂）』【GUMI×巡音ルカ×鏡音リン×IA×初音ミク】【日服/PJSK世界计划多彩舞台】,木槿凉夏如初,"初音ミク,世界计划,PJSK,威风堂々,GUMI,威风堂堂,VOCALOID声源,Vivid BAD SQUAD,巡音ルカ",VOCALOID·UTAU,29460,ia_music,True,False,music_signal
BV1xx411F7qA,1,【VY1･鏡音リンレン･初音･GUMI･IA･巡音】Harvest【しえろP･おればななP･ギガP･ちくP･ニクロムP】,BILI君的音樂工房,"VY1,VOCALOID,镜音双子,ニクロムP,神调教,VOCALOID民族调曲,HARVEST,狂ZIP,ギガP,ギガ",VOCALOID·UTAU,29256,ia_music,False,False,music_signal
BV1sx411M71x,1,【ルカミクグミIAリン】Makes You a Fighter【原创/梅とら】,手速超快的初总,"GUMI,梅とら,初音ミク,镜音リン,IA,Makes You a Fighter,巡音ルカ,VOCALOID",VOCALOID·UTAU,29076,ia_music,False,False,music_signal
BV1mt411J7H4,1,目隐都市的演绎者们-「DAZE」V家五人合唱,PuTonP,"自然の敌,Gumi,阳炎PROJECT,初音未来,自然之敌P,结月缘,しづ,DAZE,镜音双子,IA",VOCALOID·UTAU,28915,ia_music,False,True,music_signal
BV1oW411p7Ec,1,【IA】阳炎眩乱 / 阳炎daze（カゲロウデイズ）【VOCALOID COVER】【PV付 / 自制中文字幕】,Qualify123,"IA,音乐,开口跪,カゲロウデイズ,阳炎daze,阳炎眩乱,VOCALOID,じん(自然の敵P),车祸组,阳炎Project",VOCALOID·UTAU,28844,ia_music,False,True,music_signal
BV1ex411w7XJ,1,【IA】ひねくれネジと雨【MV】,【存在抹消】,"ねこぼーろ,VOCALOID,VOCALOID殿堂入り,IA_-ARIA_ON_THE_PLANETES-,ひねくれネジと雨",VOCALOID·UTAU,28467,ia_music,False,False,music_signal
BV1gW411a77r,1,【VOCALOID】【贞德主题歌-官方中字】错误搜寻マチガイサガシ／IA feat.まふまふ——COMPASS战斗天赋解析系统,COMPASS奔跑のV酱,"战斗天赋解析系统,IA,vocaloid,MOBA,卡牌,compass,まふまふ",VOCALOID·UTAU,28151,ia_music,False,False,music_signal
BV1Ds411Q7uK,1,【IA】 世界秩序与六等星 【Guiano（ぐいあの）】,阿赫official,"世界秩序と六等星,IA,VOCALOID,ぐいあの",VOCALOID·UTAU,28025,ia_music,False,False,music_signal
BV1FR4y1u7dr,1,【IA】ナミダ 【IA十周年企划】,阿钟Tokei,"VOCALOID,全能音乐挑战赛,IA,ナミダ,2022新年音乐大作战,MARETU,VOCALOID·UTAU,翻调",VOCALOID·UTAU,27961,ia_music,False,True,music_signal
BV12J41137vH,1,【 VOCALOIDs 】抜心【 傘村トータ 】,傘村トータ,"IA,初音MIKU,Fukase,がくっぽいど,自制",VOCALOID·UTAU,27610,ia_music,False,False,music_signal
BV114411x7ak,1,【IA】小时候 日语版【跨时空救兵预热】,焰华Honoka55,"小时候,IA,日语,喜羊羊与灰太狼",VOCALOID·UTAU,27064,ia_music,False,True,music_signal
BV1oD4y127PV,1,鏡音リン · レン「金色的悲剧 / ドラドの悲劇」Cover 傘村トータ &amp; IA &amp; Fukase【秦佳 &amp; 晴海】,イア,"bilibili夏日音乐季,VOCALOID,傘村トータ,鏡音リン,鏡音レン,镜音LEN,镜音RIN,翻唱",VOCALOID·UTAU,26917,ia_music,False,True,music_signal
BV1As411179n,1,【乐正绫翻唱】染殇【溱绫/洋芋/司令】【pv付】,溱绫西陌,"溱绫西陌,洋芋,阿碇司令,VOCALOID中文曲,IA,VOCALOID,乐正绫,古风",VOCALOID·UTAU,26799,ia_music,False,True,music_signal
BV1hx411w7kV,1,【IA】シリョクケンサ【アレンジカバー】,【存在抹消】,"いたる,ギガ,IA_-ARIA_ON_THE_PLANETES,VOCALOID,视力检查,梅太郎,おればなな",VOCALOID·UTAU,26794,ia_music,False,True,music_signal
BV19P4y157mE,1,アスノヨゾラ哨戒班 (明日的夜空哨戒班)2022.12.16重置字幕,BEI___,"虚拟歌手,伊爱,Orangestar,IA,VOCALOID,蜜柑星P",VOCALOID·UTAU,26590,ia_music,False,False,music_signal
BV1Cm4y1y73n,1,【IA GLOWB】INTERGALACTIA【KIRA】,零崎魍織,"IA GLOWB,IA,KIRA,VOCALOID",VOCALOID·UTAU,26337,ia_music,False,False,music_signal
BV1HZGXzqERf,1,"【重音テト, IA】スーパーヒーロー（Super Hero）【Guiano】",阿赫official,"IA,Guiano,重音TETO,スーパーヒーロー,Synthesizer V",VOCALOID·UTAU,26298,ia_music,False,False,music_signal
BV1gx411c72p,1,【IA·自然之敌P】死神record,甤,"自然之敌P,VOCALOID,感动,蜉蝣DAYS,目隐都市的演绎者,シニガミレコード,蓟,JIN,IA,催泪,じん,じん（自然の敌P）",VOCALOID·UTAU,26213,ia_music,False,False,music_signal
BV1FJ411j7yB,1,[ONE+IA(V)]CITRUS[sm25950409],KitanoNani,"可不,CeVIO,百万传说,IA,星界,ONE,KAFU",VOCALOID·UTAU,999,ia_music,False,False,music_signal
BV1Us411Z79v,1,【IA】Secret,trance羯,"IA,MAFU,かくしごと,まふまふ,MAFUMAFU,VOCALOID",VOCALOID·UTAU,25551,ia_music,False,False,music_signal
BV1pX4y1K7M9,1,【IA OFFICIAL】Conqueror-DANTZ Remix（MV）,IA小天使OFFICIAL,"MV,VOCALOID,专辑,自制,pray for real,REMIX,1st place,IA,CeVIO",VOCALOID·UTAU,25419,ia_music,False,True,music_signal
BV1Ss411D7V3,1,【IA】心的回味【まふまふ】,等待呢歌,"IA,ハートの后味,心的回味,mafu天使我的嫁,看我刷出了什么,まふまふ,鏡見て失神P,美哭,MAFUMAFU",VOCALOID·UTAU,24896,ia_music,False,False,music_signal
BV17T411e7KH,1,【IA】白日梦故障泡澡时间【にほしか】,雨喙Beak_In_Rain,"にほしか,IA",VOCALOID·UTAU,24641,ia_music,False,False,music_signal
BV16JqJYHEFM,1,【中文字幕】脑内Disco / ノウナイディスコ【r-906】,Kuukigyo,"VOCALOID,r-906,音乐,CEVIO,中文,中文字幕,字幕,脑内Disco,ノウナイディスコ,IA",VOCALOID·UTAU,24460,ia_music,False,False,music_signal
BV1Yx411T7Zr,1,【洛天依×言和×IA】,fgtgta,"IA小天使,中文版,洛天依,中文曲,鸟之诗,洛神,VOCALOID中文曲,言和",VOCALOID·UTAU,12169,ia_music,False,True,music_signal
BV1Yx411T7Zr,2,【洛天依×IA】,fgtgta,"IA小天使,中文版,洛天依,中文曲,鸟之诗,洛神,VOCALOID中文曲,言和",VOCALOID·UTAU,12169,ia_music,False,True,music_signal
BV1aE41127fx,1,【IA × ONE】Detarame Dance【ちいたな】,精神安定剤,"ちいたな,デタラメダンス",VOCALOID·UTAU,24102,ia_music,False,False,music_signal
BV1Nc411F7Q2,1,[4K/中字/120帧］初音x巡音x镜音铃xGUMIxIA  虎视眈眈,Ais-Gel,"IA,GUMI,初音未来,VOCALOID,虎视眈眈,虎視眈々,梅とら,镜音铃,巡音流歌",VOCALOID·UTAU,23996,ia_music,False,False,music_signal
BV16W41137dw,1,【IA】独自一人的胜利【ろくろ】【授权转载】,阿赫official,"ろくろ,VOCALOID,IA,ひとりがち",VOCALOID·UTAU,23301,ia_music,False,False,music_signal
BV1DW411w7gJ,1,【ニコカラ】眠り姫【on vocal】,neneneneneneneko,"VOCALOID,ニコカラ,Guiano,ボカロカラオケDB,ニコニコカラオケDB,IA,眠り姫(Guiano),みふる,眠り姫",VOCALOID·UTAU,23157,ia_music,False,False,music_signal
BV1Hs411D7kH,1,【IA】爱言叶【恋爱日记project】,小日记smalldiary,"爱言叶,竟然不是鬼畜！,神调教,不是鬼畜竟然没人听,IA小天使,治愈向,IA,IA女神,不务正业",VOCALOID·UTAU,22887,ia_music,False,False,music_signal
BV1sT4y137Wn,1,【原创曲】nogumi -  死んでいくだけだ｜只是在迈向死亡 feat.IA,nogumi,"VOCALOID,MV,nogumi,虚拟歌手,IA",VOCALOID·UTAU,22834,ia_music,False,False,music_signal
BV1Rs411d7RE,1,【IA】遭棄無語者【sasakure.UK】,SugarDash,"8BIT,ポンコツディストーカー,IA,CHIPTUNE,SASAKURE.UK",VOCALOID·UTAU,22556,ia_music,False,False,music_signal
BV1Us411f7pN,1,"【Ib】Rolling Girl【GUMI,KAITO,IA】",kyoakeve,"VOCALOID,GUMI,IA,IB,结尾感人,ROLLING GIRL,泪腺崩坏,虐心,KAITO",VOCALOID·UTAU,22423,ia_music,False,False,music_signal
BV1SY411j7Nb,1,【結月ゆかり 麗＆IA AI】ノーブル・ローズ【オリジナル】/【Yuzuki Yukari＆IA】NOBLE ROSE【orginal】,nejishiki0221,"IA,結月ゆかり,VOCALOID",VOCALOID·UTAU,22417,ia_music,False,False,music_signal
BV1Cs41167Hy,1,【IA】让我们看看这喜剧吧【じんx石風呂】,阿赫official,"じん,仆らに喜剧を见せてくれ,IA,石风吕,VOCALOID",VOCALOID·UTAU,22338,ia_music,False,False,music_signal
BV1Nx411c7w2,1,【IA】鴨川桜之舞扇【和风】,非洲のGUMI酱,"迷の感动,NANASHI,鸭川桜の舞扇,VOCALOID,和风,IA,VOCALOID和风曲,ALT(蕾P)",VOCALOID·UTAU,22218,ia_music,False,False,music_signal
BV1oo4y1b7z1,1,【IA/描改手书】强风大背头（強風オールバック）,裂舍Yume,"虚拟之声创作计划·2023第一期,描改手书,音乐,IA,VOCALOID,虚拟之声创作计划,強風オールバック,IA小天使,VOCALOID·UTAU,强风大背头,手书",VOCALOID·UTAU,21855,ia_music,False,False,music_signal
BV1jH5m6eESQ,1,【摇滚风】Orangestar - Henceforth (feat. IA) / ROCK AI COVER,Sumi_0v0,"Henceforth,日语翻唱,Orangestar,AI,COVER,听歌,女声,REMIX",翻唱,1282,ia_music,False,True,music_signal
BV1Mm5M65EYC,1,神秘初中生唱橙星【黎明前线】,-Asame-,"DAYBREAK FRONTLINE（黎明前线）,Orangestar,IA,清唱,翻唱",翻唱,885,ia_music,False,True,music_signal
BV18n5t6YEpK,1,【maimai 单谱面鉴赏】踊れオーケストラ（随管弦乐起舞）（ADVANCE 7级）,詹姆士一世,"音游游戏日常！,舞萌DX,随管弦乐起舞,踊れオーケストラ,康宽,MAIMAI,IA,音乐游戏,音乐,VOCALOID",音游,168,ia_music,True,False,music_signal
BV1Vm5x6TE6J,1,Break;Dawn feat. IA,遥不可及by星辰,"日语歌,IA,日语,VOCALOID,Break;Dawn,蛸壺,Zysche,イア,ボーカロイド,ボカロ",翻唱,146,ia_music,False,False,music_signal
BV18o9XBYEcK,1,踊れオーケストラ 翻唱,人生像放滿悲劇的茶盤,"踊れオーケストラ,康寛,YASUHIRO,日语翻唱,IA,COVER,清唱,日语,翻唱,VOCALOID",翻唱,137,ia_music,False,True,music_signal
BV19JRdBEEY2,1,【カラオケ/纯k投屏】Shooting Star - Ciel(神無月P)&amp;TeddyLoid feat.IA,黄金发の魔理沙,"IA,日语,VOCALOID,纯K投屏,纯K,投屏,カラオケ,卡拉OK",MV,128,ia_music,False,False,music_signal
BV1C4RmBrEHy,1,唱一唱柏拉图式爱情,菍双,"翻唱总动员,プラトニック・ラヴ,柏拉图式爱情,日语翻唱,IA",翻唱,428,ia_music,False,True,music_signal
BV12jRmBEEWL,1,【中字】大演讲（大演説） / IA【jon-YAKITORY】,saoTHEboy,"jon_408,jon-YAKITORY,中字,IA,MV,VOCALOID",MV,159,ia_music,False,False,music_signal
BV1M7dGBREDo,1,【猫村いろは·重音テト·宮舞モカ·IA·花響琴】ビターチョコデコレーション,古灯禅,"花響琴,宮舞モカ,虚拟歌手分享官,PJSK,Project SEKAI,IA,猫村いろは,鏡音リン",MMD·3D,682,ia_music,True,False,music_signal
BV1hjRbBiEwd,1,【IA】孑然炉火,魔法の医者の患者,"术力口（ ボカロ）,IA,孑然炉火,COVER,VOCALOID",原创音乐,168,ia_music,False,True,music_signal
BV19ARiBbEHp,1,再次遇见那个喧闹的夏天 イヤホンと蝉時雨（耳机与蝉鸣） | 中文填词翻唱,Wsoaey小鸟,"全能音乐挑战赛,蜜柑星P,术力口,Orangestar,イヤホンと蝉時雨,IA,中文填词,翻唱,橘星,未完成エイトビーツ",日常,733,ia_music,False,True,music_signal
BV1HbRiBrExd,1,“来吧，亲爱的月光，和我共赴群星。”——IA,松江CC,"结月缘,画师热点情报站,IA小天使OFFICIAL,IA,术力口,兔羽,虚拟歌姬,绘画过程,VOCALOID",绘画,96,ia_music,False,False,music_signal
BV1vERvBbEjs,1,古筝弹了超次元愛歌【Orangestar/IA】,溁_,"IA,翻奏,古筝,超次元愛歌,Orangestar,橙星,蜜柑星",演奏,697,ia_music,False,False,music_signal
BV1jfRvBAEgD,1,out of survice/東京リアルワールド（东京真实世界）,我有無昵称,"out of survice,IA,VOCALOID",音乐综合,133,ia_music,False,False,music_signal
BV1sBRcBmExH,1,【翻唱】オツキミリサイタル,KKagero,"自然之敌p,阳炎project,vocaloid,オツキミリサイタル,IA,日语,翻唱",翻唱,331,ia_music,False,True,music_signal
BV1TT9ZBGEV6,1,【中字】ザンネンショーマン / jon-YAKITORY feat. IA,saoTHEboy,"jon_408,jon-YAKITORY,しとお,IA,MV,中文,VOCALOID",MV,189,ia_music,False,False,music_signal
BV1v8RTB7E3i,1,【拆解学唱】赏月独奏会,这世间所有的深白,"音乐分享官,賞月Recital,阳炎project,赏月组,赏月独奏会,オツキミリサイタル,自然之敌P,目隐都市的演绎者,IA",翻唱,450,ia_music,False,False,music_signal
BV1LD9eBREbs,1,【maimai】アスノヨゾラ哨戒班（明日的夜空哨戒班）EXPERT9 AP+,砕月-雨中奏,"必剪创作,音游,舞萌,IA,VOCALOID",日常,411,ia_music,True,False,music_signal
BV1Ef9hBQEJB,1,[空奏列车cover][Orangestar]“那就逃离这个夏天吧，向着未来的世界进发！”,waliてす,"IA,Miku,夏天,术力口,cover,青春,电吉他,Orangestar,蜜柑星",演奏,1959,ia_music,False,True,music_signal
BV1tg9UBEEY8,1,【锁屏可打/EXPERT】Henceforth,セカイヘ,"锁屏可打,录屏,IA,Henceforth,Project SEKAI,Orangestar,EX",音游,389,ia_music,True,False,music_signal
BV1M2okB3Euf,1,【吉他谱】八十八鍵の宇宙 - Orangestar_Acoustic cover（TAB）,INI蜜柑,"吉他谱,吉他弹唱,剪辑,ia,orangestar,蜜柑星,记录",演奏,504,ia_music,False,True,music_signal
BV1ChorBaEKT,1,展示调声技术中！petals feat.IA,冬野霧中_Fuyuno,小视频,日常,319,ia_music,False,False,music_signal
BV1SRZFBZEwP,1,【IA】MEMORY【NAO3】,百合咲奈奈,"sm46231979,wDDAcW6Plkk,NAO3,VRChat,IA,VOCALOID",翻唱,351,ia_music,False,False,music_signal
BV1eWoSBgE6f,1,【钢琴】夏色アンサー（夏色的回答——Orangestar）,赛博拾荒人Care,"IA,MIDI,钢琴,VOCALOID,钢琴演奏",演奏,142,ia_music,False,True,music_signal
BV1JXoLBHEoa,1,【太鼓之达人】アスノヨゾラ哨戒班 hs1.4 大随机 7可全连,Ni-SHU,"术曲,アスノヨゾラ哨戒班,IA,音乐游戏,太鼓达人,音游研究所",音游,205,ia_music,True,False,music_signal
BV1aFd4BYEHj,1,【太鼓之达人】里 六兆年と一夜物語 全连,小琪Kirit,"IA,六兆年と一夜物語,虚拟歌姬,音乐游戏,六兆年零一夜物语,太鼓达人,音游,太鼓之达人",单机游戏,912,ia_music,True,False,music_signal
BV1cCoFBVEx8,7,07 アイビス (feat. IA) - ばらっげ,倚月听风,"Vocaloid Trance,結月ゆかり,小春六花,IA,VOCALOID,初音ミク,Mac音奈奈,RJT Music",音乐综合,72,ia_music,False,False,music_signal
BV1KudfBmEtz,1,六兆年と一夜物语【舞萌DX】紫谱 DX谱 大师难度 完美无缺手元,润羽草生,"MAIMAI,IA,鸣潮创作激励计划,必剪创作,术力口,AP,手元,音乐游戏,音乐",日常,352,ia_music,True,False,music_signal
BV1eXdZBtERo,1,六兆年と一夜物语【舞萌DX】紫谱 标谱 大师难度 完美无缺手元,润羽草生,"王者荣耀UP主激励计划,MAIMAI,IA,音乐游戏,音乐,必剪创作,AP",日常,315,ia_music,True,False,music_signal
BV1owddB9E37,1,狂喜乱舞｜巡音ルカ、初音ミク、GUMI、IA及镜音リン[Ai Cover],相公在此,"IA,日系,COVER,歌姬,GUMI,日本,翻唱,VOCALOID,巡音ルカ,初音ミク",音乐综合,385,ia_music,False,True,music_signal
BV1PCdaBzEHF,1,【初翻唱】Henceforth ／ Orangestar【苍蓝行星 cover】,苍蓝行星,"Henceforth,Orangestar,日语翻唱,IA,COVER,音乐,翻唱,VOCALOID",翻唱,831,ia_music,False,True,music_signal
BV1myQ3BkEUU,1,这绝对是全网最爽的《明日夜空哨戒班》街头混音演奏Ver,夜樱飞雪,"街头表演,IA,演奏,公共钢琴,兴业太古汇,明日夜空哨戒班,Orangestar,钢琴改编",演奏,756,ia_music,False,True,music_signal
BV1K5QsBrEpm,1,六兆年と一夜物語 (标准谱面)MASTER 理论值ALL PERFECT【maimai】,茜茜莉Cicini,"舞萌2025,必剪创作,舞萌DX,kemu,堀江晶太,IA,六兆年零一夜物语",日常,187,ia_music,True,False,music_signal
BV1VgDmBUEiW,1,我们是垃圾分类队！/feat.IA/MIKU,什么_なに,"IA,我们是垃圾分类队,术力口,翻调,虚拟歌姬,日语,音乐,VOCALOID,初音ミク",音乐综合,160,ia_music,False,True,music_signal
BV1u7D1BKEXZ,1,【竖笛】翱翔于空中是怎样的感觉？来听明日夜空的哨戒班！,Applepie_ovo,"Orangestar,Vocaloid,明日夜空的哨戒班,IA,竖笛",演奏,663,ia_music,False,False,music_signal
BV1phQMBREeQ,1,花 - Guiano feat.IA  在樱花落完前跳了【橡皮鸭】,3y_橡皮鸭,"guiano,花,樱花,宅舞",宅舞,345,ia_music,False,False,music_signal
BV1vUDfBHEhh,1,[Full Album][ボカロ] Pardalote - ON PRISM RECORDS\44.1khz 16bit,碇振,"Trance,IA,日系,ボカロ,电音,初音未来,VOCALOID,初音ミク",音乐综合,182,ia_music,False,False,music_signal
BV1ViDtBFEVk,1,“我痛恨着那个夏天，却也深爱着那样的盛夏”《雨声残响》×《Alice in 冷冻库》×《黎明前线》（夏背+IA合唱版）【蜜柑星 2022 live录屏自切自存】,雪折梅枝芳菲尽,"IA,夏天,夏背,DAYBREAKFRONTLINE,Alice in 冷冻库,Orangestar,live,vocaloid,蜜柑星,雨声残响",音乐现场,8815,ia_music,False,True,music_signal
BV1pHD8B7EPF,1,【IA cover】Petals-orangestar,SinhosiOVO,"IA,COVER,VOCALOID,春夏秋冬代行者 春之舞,orangestar",音乐教学,2935,ia_music,False,True,music_signal
BV1V2DFBUE9q,1,早稻叽 - 夏令时记录,棉花mennka,"vup,早稻叽,虚拟up主,虚拟YOUTUBER,サマータイムレコード,IA,翻唱",动画综合,174,ia_music,False,True,music_signal
BV1RwDFBUEMd,1,"My Soul,Your Beats! ( sasakure.UK Re:incarnation Remix) IA sasakure.UK 在Melobeat",MVS-391,"音游,Melobeat,Angel beats!,sasakure.UK,IA,音乐游戏,天使的心跳,二次元,REMIX,VOCALOID",音游,579,ia_music,True,True,music_signal
BV1LLSoBVENe,1,心做し/ feat.IA,什么_なに,"IAv6,心做し,IA,音乐,VOCALOID,蝶p,术力口,翻调",音乐综合,1252,ia_music,False,True,music_signal
BV12CSQBUEXJ,1,被B站雪藏万年的少年音「シリーテラー (feat. IA)」男声翻唱,菲恩安格尔ヒカリ,"r-906,术力口,日语翻唱,IA,少年音,COVER,男声翻唱,VOCALOID",翻唱,4412,ia_music,False,True,music_signal
BV1fwSXBvEHp,1,【IA】 星見の唄（星见之歌）MV【r-906】【中文嵌字】,GDA-WG,"IA 11th Anniversary,星见之歌,星見の唄,r-906,术力口,日语MV,IA,CeVIO,VOCALOID,中文字幕",音MAD,368,ia_music,False,False,music_signal
BV1XSSDBREC9,1,【明日的夜空哨戒班/钢琴翻弹】十年过去了，你还会为这首曲子点进来吗？,南城半夏,"全能音乐挑战赛,IA,蜜柑星p,术力口,明日的夜空哨戒班,古早,钢琴翻弹",演奏,1127,ia_music,False,True,music_signal
BV1fhDuBSEnc,1,在樱花树下唱了guiano的《花》,溁_,"Guiano,花谱,花,IA,樱花,翻唱",演奏,981,ia_music,False,True,music_signal
BV15t9gBpEPF,1,switch歌姬计划 伊甸计划模组+x曲包(ロストワンの号哭IA版),fufu可爱滴捏,"ロストワンの号哭,IA,歌姬计划,VOCALOID,初音ミク,switch",单机游戏,749,ia_music,False,False,music_signal
BV1RD93BxE9n,1,八十八鍵の宇宙 - Orangestar/IA，记录老师电吉他即兴，翻弹日常，KPS内录，Kiesel电吉他,时光与快乐并存,"生活记录,即兴,记录,初音未来,电吉他",演奏,8112,ia_music,False,True,music_signal
BV1EcXjBGEKr,1,雨き声残響,口米口米不是猫,"术力口,Orangestar,橙星,IA,吉他弹唱,VOCALOID,雨声残响",日常,5676,ia_music,False,True,music_signal
BV1zcXjB3EzA,1,[爱音フカ]六兆年零一夜物语(utau cover),落款未名,"日语翻唱,IA,虚拟歌姬,COVER,六兆年零一夜物语,翻唱,爱音芙歌,kemu,utau",翻唱,232,ia_music,False,True,music_signal
BV1EsXMBXEC1,1,【生日艺】空奏列车,某哲学的超电磁蕉,"OrangeStar,wota艺,地下艺,空奏列车,IA,WOTA,生日,初音ミク",宅舞,200,ia_music,False,False,music_signal
BV1dKXNBMEL3,1,【オリジナルMV】アスノヨゾラ哨戒班/Orangestar【Covered by 夢咲みう】,Blessing115,"夢咲みう,VTuber,Orangestar,cover,アスノヨゾラ哨戒班,日语翻唱,IA,歌ってみた",翻唱,416,ia_music,False,True,music_signal
BV1FXA3ztEs9,1,梅とら《威风堂堂》钢琴极致还原（初音ミク、镜音リン、巡音ルカ、GUMI、IA）,Scaulrity_,"IA,梅とら,威风堂堂,GUMI,鏡音リン,VOCALOID,巡音ルカ,初音ミク",音乐综合,2478,ia_music,False,True,music_signal
BV1Vt411L7Da,1,【B站限定】延命治疗 ～PARTY A GO-GO演唱会ver.～ ｜IA (song by Neru),IA小天使OFFICIAL,"IA小天使,伊爱,V家,IA,Neru,延命治療,イア,IA小天使OFFICIAL,延命治疗,Vocaloid",VOCALOID·UTAU,38506,ia_related,False,False,nonsong_mixed:演唱会,True,标题含'演唱会'(非歌曲信号)但tags有音乐标签，需LLM确认
BV1EdduBwECU,1,【ONE/IA歌曲推荐】CITRUS,九点半小时后,"IA,虚拟歌姬,ONE,歌曲,citrus,Orangestar,歌曲推荐",音乐综合,203,ia_related,False,False,nonsong_mixed:推荐,True,标题含'推荐'(非歌曲信号)但tags有音乐标签，需LLM确认
BV12Q9ZB3EnJ,1,真夏と少年の天ノ川戦争-Orangestar/IA，热心市民C先生演奏,时光与快乐并存,"COVER,翻弹,Orangestar/IA,吉他,真夏と少年の天ノ川戦争,电吉他教学,电吉他",演奏,1898,ia_related,False,True,fallback,True,无任何明确信号，默认归为ia_related
BV1nAQABzEhk,1,这大概是当下神话曲《明日夜空哨戒班》最疯狂的钢琴改编演奏了#钢琴演奏orangestar明日夜空硝戒班钢琴改编,夜樱飞雪,"明日夜空哨戒班,Orangestar,IA,改编,钢琴,钢琴演奏",演奏,1276,ia_related,False,True,nonsong_mixed:神话曲,True,标题含'神话曲'(非歌曲信号)但tags有音乐标签，需LLM确认
BV1CBSRBUEMg,1,气短拧巴女也要唱「アスノヨゾラ哨戒班」（已去世版）,callme玛卡,"めありー,翻唱总动员,orangestar,IA,高中生,翻唱,VOCALOID,cover,アスノヨゾラ哨戒班",翻唱,2575,ia_related,False,True,nonsong_mixed:去世,True,标题含'去世'(非歌曲信号)但tags有音乐标签，需LLM确认
BV1uFX4BXE3P,1,【音频可视化/IA/Orangestar/音乐推荐】Orangestar (蜜柑星P) - Ifの世界設定,Cloud-in-冷凍庫,"全能音乐挑战赛,术力口,Orangestar,音频可视化,音频,音乐推荐,IA",音乐综合,251,ia_related,False,False,nonsong_mixed:推荐,True,标题含'推荐'(非歌曲信号)但tags有音乐标签，需LLM确认
BV1hkRRByEUs,1,『既然许下了愿望 那就去实现它啊』高考纪念手元【アスノヨゾラ哨戒班 ULT14.0 SSS+】,-羅破_PScologie-,"orangestar,CHUNITHM,アスノヨゾラ哨戒班,中二节奏,IA,手元,音乐游戏",音游,979,ia_music,True,False,music_signal
BV1bbRdBVE2U,1,【马库斯·维尔汀·十四行诗·苏芙比·虚构集】限りなく灰色へ,古灯禅,"さとうささら,IA,宮舞モカ,重返未来1999创作者激励计划,维尔汀,苏芙比,虚构集,十四行诗,马库斯,初音ミク",MMD·3D,1213,ia_music,False,False,music_signal
BV1nsovBGE1D,1,[卡拉OK字幕] 空想フォレスト,階堂蜜花,"自然の敵P,空想フォレスト,目隐都市的演绎者,IA,じん,VOCALOID,卡拉OK",MV,209,ia_music,False,False,music_signal
BV1r1omBjEq5,1,アイフィールソウサッド (feat. IA) ぐちり,爱莉希雅Elysia-_-,崩铁,日常,210,ia_music,False,False,music_signal
BV1czonBiEam,1,【IA】可怕的！2026ver.【NAO3】,百合咲奈奈,"IA,VOCALOID,こわい!,NAO3",翻唱,249,ia_music,False,False,music_signal
BV1ANoKBYEo5,1,【音击/オンゲキ】 DAYBREAK FRONTLINE MASTER Lv13 ABFB SSS+,yunxiiQwQ,"崩坏：星穹铁道创作者激励计划,IA,音乐游戏,VOCALOID,舞萌DX,ONGEKI,音击,オンゲキ,Orangestar,中二节奏",音游,527,ia_music,True,False,music_signal
BV1jFd9BEEPa,1,キャンディマイクで踊って,百合咲奈奈,"q32D9W8wPl8,すなお,IA,VOCALOID",翻唱,328,ia_music,False,False,music_signal
BV1VKd9B5E7J,1,いちごパーティに集中,百合咲奈奈,"IA,VOCALOID,wMnXqLjvb_c,すなお",翻唱,5212,ia_music,False,False,music_signal
BV1PsdkBaEPh,1,【IA】预想【NAO3】,百合咲奈奈,"IA,VOCALOID,フォーキャスト,sm46202778,NAO3,VRChat",翻唱,619,ia_music,False,False,music_signal
BV1z7doBYEiL,1,✿ DAYBREAK FRONTLINE ／ Ria【Cover】,Blessing115,"DAYBREAK FRONTLINE,日语翻唱,IA,歌ってみた,cover,Ria,Orangestar",翻唱,478,ia_music,False,True,music_signal
BV1ecQPBfEMu,1,suibiantantan#334 梅とら/VOCALOID 疑心暗鬼,Drizzle_Official,"翻唱总动员,必剪创作,IA,独奏,吉他,GUMI,镜音リン,初音未来,VOCALOID,巡音ルカ",日常,397,ia_music,False,True,music_signal
BV1EtQwBYEUF,1,“化成风吧，若然眼前的明日之空无法歌唱的话”空奏列车solo,hei_po,"空奏列车,IA,渣弹致歉,COVER,翻弹,电吉他,术力口,Orangestar",演奏,530,ia_music,False,True,music_signal
BV1QgDeB3EJu,1,Thermally Broken Memories / IA,飛行逃避コート,"vocaloid,IA,原创曲,音乐",日常,158,ia_music,False,False,music_signal
BV1KRDTB4EGw,1,オカルティックセンス,AkutaZehy,"IA,オカルティックセンス,gaburyu,文字PV,映像",音MAD,386,ia_music,False,False,music_signal
BV1F7DABKEfL,1,SQ Taishi - Liberator,ステラルーシェ,"IA,Taishi",音乐综合,183,ia_music,False,False,music_signal
BV1BMXrBCE6B,1,【CONA × 青い子】再教育,百合咲奈奈,"再教育,IXJk4_IA5LM,CONA,青い子,Neru,日语翻唱,COVER",翻唱,172,ia_music,False,True,category_vocaloid
BV1NnQ6BXE6P,1,歌ってみた「サマータイムレコード」(夏令时记录),雪音yukine,"术力口,Akie秋绘,サマータイムレコード,日语翻唱,IA,じん",翻唱,387,ia_music,False,True,music_signal
BV1thDQBDEBf,1,アスノヨゾラ哨戒班-Afteglow、IA （原作者Orangestar）串连（燃起来吧！邦邦人！）,高松_燈,"音乐游戏,二次元,音乐,BanGDream!",日常,381,irrelevant,True,False,no_signal,False,
